a lie;-1
abandon;-2
abandon*;-1
abandoned;-2
abandons;-2
abas*;-1
abattoir*;-1
abdicat*;-1
aberra*;-1
abhor;-3
abhor*;-1
abhorrent;-3
abilities;2
ability;2
ability*;1
abject*;-1
abnormal*;-1
aboard;1
abolish*;-1
abominab*;-1
abominat*;-1
abound*;1
abrasiv*;-1
absent*;-1
absolv*;1
absorbed;1
absorbent*;1
absorption*;1
abstrus*;-1
absurd*;-1
abundanc*;1
abundant*;1
abus*;-1
abuse;-3
abused;-3
abuses;-3
acced*;1
accentuat*;1
accept;1
accept*;1
accepted;1
accepting;1
accepts;1
accessib*;1
accident;-2
accident*;-1
accidentally;-2
acclaim*;1
acclamation*;1
accolad*;1
accommodat*;1
accomplish;2
accomplish*;1
accomplished;2
accomplishes;2
accord;1
accordan*;1
accorded*;1
accords;1
accost*;-1
accountab*;1
accru*;1
accuracy*;1
accurat*;1
accursed*;-1
accusation;-2
accusation*;-1
accuse;-2
accuse*;-1
accused;-2
accuses;-2
accusing;-2
accusing*;-1
accustom*;1
ace;1
aced;1
acerbi*;-1
aces;1
ache*;-1
achiev*;1
aching;-2
aching*;-1
achy;-1
acomia*;-1
acquaintanc*;1
acquiesc*;1
acrimon*;-1
active;1
active*;1
actual;1
actuali*;1
adactylism*;-1
adaptab*;1
adaptive;1
addict*;-1
adept*;1
adequat*;1
adequate;1
adhere*;1
admirab*;1
admiration*;1
admire;3
admire*;1
admired;3
admiring;3
admiring*;1
admit;-1
admit*;1
admonish*;-1
admonition*;-1
adopt;1
adopt*;1
adorable;3
adorable;1
adorably;1
adoration;1
adore;3
adore*;1
adored;3
adoring;1
adorn*;1
adornment;1
adroit*;1
adulterat*;-1
adultery*;-1
advanc*;1
advantag*;1
advantage;2
adventur*;1
adventure;2
adventures;2
adventurous;2
advers*;-1
advisab*;1
advocacy*;1
advocat*;1
affab*;1
affability*;1
affectation*;-1
affected;-1
affected manner*;-1
affected*;-1
affection;3
affection*;1
affectionate;3
affinity*;1
affirm*;1
affix*;1
afflict*;-1
afflicted;-1
affluent*;1
afford*;1
affright*;-1
affront*;-1
afloat*;1
afraid;-2
afraid*;-1
against;-1
ageism;-1
ageist;-1
aggravat*;-1
aggravating;-2
aggress*;-1
aggression;-2
aggressions;-2
aggressiv*;-1
aggressive;-2
aggriev*;-1
aghast*;-1
agil*;1
agitat*;-1
agoni*;-1
agonizing;-3
agony*;-1
agree;1
agree*;1
agreeable;2
agreed;1
agreement;1
agrees;1
aid;1
aided;1
aids;1
ail*;-1
aimles*;-1
alarm;-2
alarm*;-1
alas;-1
alert;-1
alertness;1
alien*;-1
alienation;-2
aliv*;1
alive;1
allay*;1
allegation*;-1
allege;-1
alleged*;-1
allegian*;1
alleviat*;1
allianc*;1
allied*;1
allow;1
allowab*;1
allowed*;1
allur*;1
ally*;1
alone;-2
aloof*;-1
alright;1
altercation*;-1
amateuri*;-1
amatory*;1
amaz*;1
amaze;2
amazed;2
amazing;4
ambiguit*;-1
ambiguou*;-1
ambitious;2
ambivalent;-1
ambivalent*;-1
ambush*;-1
ameliorat*;1
amenab*;1
amends;1
amiab*;1
amicab*;1
amiss*;-1
amnesia*;-1
amnesty*;1
amok*;-1
amoral*;-1
amore;1
amorous*;1
amour*;1
ampl*;1
amus*;1
amused;3
amusement;3
anal;-1
anality;-1
anally;-1
anarchist*;-1
anarchy*;-1
anchoret*;-1
anchorit*;-1
angel;1
angelic*;1
angels;1
anger;-3
anger*;-1
angers;-3
angr*;-1
angry;-3
angry*;-1
anguish;-3
anguish*;-1
anguished;-3
animat*;1
animosity*;-1
animus*;-1
annihilat*;-1
annoy*;-1
annoyed;-2
annoying;-2
anomalous*;-1
antagoni*;-1
antagonistic;-2
anti;-1
anticipation;1
anticlimax*;-1
antipath*;-1
antiquate*;-1
antiseptic*;1
antisocial*;-1
antithe*;-1
anxi*;-1
anxiety;-2
anxious;-2
apath*;-1
apathetic;-3
apathy;-3
apeshit;-3
apologetic*;1
apologies;1
apologis*;1
apologising;1
apologist;-1
apologiz*;1
apology*;1
appal*;-1
appall*;-1
appalling;-2
appeas*;1
appease;2
applaud;2
applaud*;1
applauded;2
applauding;2
applaus*;1
apposit*;1
appraisal*;1
apprecia*;1
appreciate;2
appreciated;2
appreciates;2
appreciating;2
appreciation;2
apprehend*;1
apprehens*;-1
apprehensive;-2
approv*;1
approval;2
approves;2
apt*;1
arbitrar*;-1
ardent*;1
ardor*;1
ardour*;1
arduous*;-1
argue*;-1
arguing*;-1
argument*;-1
aristocra*;1
arrest;-2
arrested;-3
arrests;-2
arrogan*;-1
arrogant;-2
arse;-1
arsehole*;-1
arses;-1
artful*;1
artificial*;-1
artistic*;1
artless*;-1
asham*;-1
ashamed;-2
asinin*;-1
aspir*;1
ass;-4
ass;-1
assail*;-1
assassin*;-1
assault*;-1
assent*;1
assert*;1
asses;-1
asset*;1
assfucking;-4
asshol*;-1
asshole;-4
assiduous*;1
assist;1
assistance*;1
assisted;1
assisting;1
assists;1
assuag*;1
assuasiv*;1
assur*;1
astonished;2
astounded;3
astounding;3
astoundingly;3
astray*;-1
astut*;1
asunder*;-1
at odds;-1
atroc*;-1
atrophy*;-1
attach;1
attachment;1
attack;-1
attack*;-1
attacked;-1
attacking;-1
attacks;-1
attain*;1
attract;1
attract*;1
attracted;1
attraction;2
attracts;1
attun*;1
audacious;3
audacity*;-1
auspicious*;1
auster*;-1
authentic*;1
authenticity*;1
authoritarian;-1
authoritative*;1
authority;1
autocrat*;-1
autonom*;1
avaric*;-1
aveng*;-1
avers*;-1
avert*;-1
avid*;1
avoid;-1
avoid*;-1
avoided;-1
avoids;-1
await;-1
awaited;-1
award;3
award*;1
awarded;3
awards;3
awareness;1
awesome;4
awesome*;1
awful;-3
awful*;-1
awkward;-2
awkward*;-1
awry*;-1
ax;-1
axe;-1
axed;-1
axes;-1
axing;-1
babbl*;-1
back seat;-1
backbon*;1
backed;1
backlash*;-1
backlog;-1
backs;1
backslide;-1
backward*;-1
bad;-3
bad;-1
badass;-3
badd*;-1
badger*;-1
badland*;-1
badly;-3
badly*;-1
badmouth*;-1
badness;-1
baffl*;-1
bail;-1
bailed;-1
bailee;-1
bailer*;-1
bailing;-1
bails;-1
bait*;-1
balance*;1
balk;-1
balked;-1
balks;-1
balky;-1
ballast*;-1
balled;-1
balling;-1
balmy*;1
bamboozl*;-1
ban;-2
banal*;-1
bandit*;-1
bane;-1
baneful*;-1
banes;-1
banish*;-1
bankrupt*;-1
banned;-2
barb;-1
barbarian*;-1
barbarous;-1
barbed;-1
barbwire*;-1
bare*;-1
barely;-1
baring;-1
bark;-1
barked;-1
barking;-1
barks;-1
barred;-1
barren*;-1
barricad*;-1
barrier;-2
barring;-1
bashful*;-1
bastard;-5
bastard*;-1
bastards;-5
battered;-1
batterer;-1
battering;-1
battle;-1
battle;-1
battled;-1
battles;-1
battles;-1
beak;-1
beaked;-1
beaks;-1
beaming;1
beast*;-1
beatable;-1
beaten;-2
beaten;-1
beater*;-1
beatif*;1
beating;-1
beating*;-1
beatitude*;1
beaut*;1
beauties;3
beautiful;3
beautifully;3
becharm*;1
bedevil*;-1
befit*;1
befriend*;1
befuddl*;-1
beggar*;-1
begrudg*;-1
beguil*;-1
behalf*;1
behead*;-1
belabor*;-1
belabour*;-1
belated*;-1
beleaguer*;-1
belie;-1
belittl*;-1
bellicose*;-1
belligeren*;-1
beloved;3
beloved*;1
bemus*;-1
benefactor*;1
benefic*;1
benefit;2
benefit*;1
benefitted;2
benevolen*;1
benign*;1
berat*;-1
bereav*;-1
bereft*;-1
berserk*;-1
beset*;-1
besiege*;-1
best;3
best;1
betray;-3
betray*;-1
betrayal;-3
betrayed;-3
betraying;-3
betrothed*;1
better;2
better;1
bewar*;-1
bewilder*;-1
bewitch*;1
beyond the pale;-1
bias;-1
bias*;-1
biased;-2
bicker*;-1
big;1
big break*;1
big heart*;1
big lie*;-1
bigot*;-1
bimbo*;-1
bitch;-5
bitch*;-1
bitches;-5
bite*;-1
biting;-1
bitter;-2
bitter*;-1
bitterly;-2
bitty;-1
bizarr*;-1
bizarre;-2
black hole*;-1
black mark*;-1
blackball*;-1
blacken*;-1
blacker;-1
blackest;-1
blackheart*;-1
blackly;-1
blackmail*;-1
blah;-2
blame;-2
blame;-1
blamed;-2
blamed;-1
blameful*;-1
blameless*;1
blamer;-1
blames;-2
blames;-1
blameworthy;-1
blanch*;-1
bland*;-1
blase*;-1
blasphem*;-1
blast;-1
blasted;-1
blaster*;-1
blasting;-1
blasts;-1
blatant*;-1
bleak*;-1
bleary*;-1
blemish*;-1
bless;2
bless*;1
blessing;3
blind;-1
blind;-1
blinded;-1
blinder*;-1
blindest;-1
blinding*;-1
blindly;-1
blindness*;-1
blinds*;-1
bliss;3
bliss*;1
blissful;3
blith*;1
block;-1
block;-1
blockage*;-1
blockbuster;3
blocked;-1
blocked;-1
blockhead*;-1
blocking;-1
blocking*;-1
blocks;-1
blood*;-1
bloody;-3
bloom;1
bloomed;1
blooming;1
blooms;1
bloomy;1
blossom*;1
blow;-1
blow a kiss;1
blowback*;-1
blowhard*;-1
blowhole*;-1
blown;-1
blows;-1
bluff*;-1
blunder*;-1
blunt*;-1
blur;-1
blurred;-1
blurri*;-1
blurry;-2
blurry;-1
blurs;-1
blurt*;-1
bluster;-1
blustering;-1
boast*;-1
boastful;-2
boastful*;-1
boding*;-1
bog;-1
bogeym*;-1
bogg*;-1
bogus*;-1
boisterous*;-1
bold;2
bold;1
bolder;1
boldest;1
boldly;2
boldly;1
boldness;1
bolster*;1
bolt*;-1
bomb;-1
bomb;-1
bombard*;-1
bombast*;-1
bombed;-1
bomber*;-1
bombing*;-1
bombs;-1
bondage*;-1
bonny*;1
boo;-1
booing;-1
boon;1
boorish*;-1
boosted;1
boosting;1
bore;-2
bore*;-1
bored;-2
boredom*;-1
boring;-3
boring*;-1
botch*;-1
bother;-2
bother*;-1
bothered;-2
bothers;-2
bound by*;1
bounden duty*;1
bountiful*;1
boxed;-1
boxy;-1
brainless*;-1
brainy;1
brandish*;-1
brank*;-1
bravado*;-1
brave;2
brave*;1
brawl*;-1
brazen*;-1
breach;-1
breached;-1
breaching;-1
break no bones;1
break through;1
breakable;-1
breakage;-1
breakdown*;-1
breaking;-1
breakthrough;3
breakthrough*;1
breakup*;-1
breathless*;-1
breathtaking;5
breathtaking*;1
bribe;-3
bright;1
bright*;1
brightness;1
brillian*;1
brilliant;4
brisk;2
bristle*;-1
brittle*;-1
broadminded*;1
brok;-1
broke;-1
broke;-1
broken;-1
broken*;-1
brood*;-1
brooding;-2
brotherhood*;1
brotherly*;1
browbeaten*;-1
bruise*;-1
bruising;-1
brunt*;-1
brusqu*;-1
brutal*;-1
brute*;-1
brutish*;-1
buddy*;1
buffoon*;-1
bug;-1
bugged;-1
bugger*;-1
bugging;-1
bugs;-1
bull;-1
bulldoz*;-1
bulled;-1
bullet;-1
bullet proof;1
bulletproof;1
bullets*;-1
bullhead;-1
bullie*;-1
bulling;-1
bullish;-1
bullock*;-1
bull's eye;1
bullshit;-4
bullshit*;-1
bullwhip*;-1
bully;-2
bully*;-1
bullying;-2
bum;-1
bumble*;-1
bumbling;-1
bumm*;-1
bummer;-2
bumped;-1
bumps;-1
bumpy;-1
bums;-1
bungl*;-1
buoyan*;1
burden;-2
burden*;-1
burdened;-2
burglar*;-1
buried*;-1
burn;-1
burned;-1
burning*;-1
burnout;-1
burns;-1
burnt;-1
bury*;-1
bushed*;-1
busted*;-1
butchery*;-1
butt;-1
butted;-1
butting;-1
buttock;-1
butts;-1
by a side wind*;-1
calamit*;-1
callithump*;-1
callous*;-1
calm;2
calm*;1
calmed;2
calms;2
camouflag*;-1
can of worms;-1
cancelled;-1
cancer;-1
cancer*;-1
candid;1
candidly;1
candidness;1
candor*;1
candour*;1
cannibal*;-1
cannon;-1
cannons;-1
cantankerous*;-1
capab*;1
capable;1
capitulat*;-1
capricious*;-1
captivat*;1
captivated;3
care;2
care;1
cared;1
carefre*;1
carefree;1
careful;2
careful*;1
carefully;2
careless;-2
careless*;-1
carer;1
cares;2
cares;1
caress*;1
caring*;1
carol*;1
carping*;-1
carps;-1
cast down*;-1
cast off*;-1
castaway*;-1
castigat*;-1
castoff*;-1
castrat*;-1
casts;-1
casual;1
casually;1
casualt*;-1
cataclysm*;-1
catastroph*;-1
catastrophe;-3
catastrophic;-4
cater;1
catered;1
catering;1
caters;1
caustic*;-1
cautious;-1
cautious*;1
celebrat*;1
celebrate;3
celebrated;3
celebrates;3
celebrit*;1
censor;-2
censor*;-1
censored;-2
censors;-2
censur*;-1
ceremon*;1
certain;1
chafe*;-1
chagrin*;-1
challeng*;-1
challenge;-1
champ;1
champion*;1
champs;1
chance;2
chao*;-1
chaos;-2
chaotic;-2
charge*;-1
charged;-3
charges;-2
charismatic*;1
charit*;1
charlatan*;-1
charm;3
charm*;1
charming;3
chase*;-1
chaste*;1
chastis*;-1
chastising;-3
cheap;1
cheapen;-1
cheaper;1
cheapest;1
cheaply;1
cheapness;-1
cheapo;-1
cheapskate;-1
cheat;-3
cheat*;-1
cheer;2
cheer;1
cheered*;1
cheerer*;1
cheerful*;1
cheeri*;1
cheerlead*;1
cheerless*;-1
cheers*;1
cheery*;1
cherish;2
cherish*;1
cherished;2
cherub*;1
chic;2
chide*;-1
chiding*;-1
childish;-2
childish*;-1
chill;-1
chilled;-1
chilled out;1
chiller;-1
chilli*;-1
chilling;-1
chills;-1
chilly;-1
choke;-1
choked;-1
choker*;-1
chokes;-2
chokes;-1
choking*;-1
choler*;-1
chuckl*;1
civil*;1
clamor*;-1
clamour*;-1
clarify*;1
clarity;2
clash;-2
clash*;-1
classic*;1
classier;1
classiest;1
classiness;1
classism;-1
classist;-1
classy;1
claw*;-1
clean;2
clean;1
cleaned;1
cleaner;2
cleaner;1
cleanest;1
cleaning;1
cleanliness;1
cleans;1
cleanse;1
cleansing;1
cleanup;1
clear;1
clear head*;1
cleared;1
cleared;1
clearer;1
clearest;1
clearheaded;1
clearing*;1
clearly;1
clearness;1
clears;1
clever;2
clever*;1
cling*;1
clobber*;-1
clog*;-1
cloud;-1
cloud nine;1
clouded;-1
clouded*;-1
cloudi*;-1
cloudless*;1
clouds;-1
cloudy*;-1
clueless;-2
clumsi*;-1
clumsy*;-1
clutter*;-1
coaction*;1
coarse*;-1
cock;-5
cock;-1
cocked;-1
cockeyed;-1
cockfight*;-1
cockier;-1
cockiest;-1
cockily;-1
cockiness;-1
cockroach*;-1
cocks*;-1
cocky;-1
coddl*;1
coerc*;-1
coers*;-1
cogent*;1
cognizant*;1
coherent*;1
cohes*;1
cold*;-1
collaborative*;1
collaps*;-1
collapse;-2
collapsed;-2
collapsing;-2
colleagu*;1
collide;-1
collision;-2
collision*;-1
coma;-1
comas;-1
comatose*;-1
combat;-1
combatant;-1
combated;-1
combating;1
combative;-1
combats;1
combatting;1
come to life*;1
come upon for*;1
comeback;1
comedy;1
comely*;1
comfort;2
comfort;1
comfortab*;1
comfortable;2
comforted*;1
comforter*;1
comforting;2
comforting*;1
comfortless*;-1
comforts;2
comforts*;1
commemorat*;1
commend;2
commend*;1
commensurat*;1
commiserat*;1
commit;1
commitment;2
commitment*;1
committed;1
committing;1
commodious*;1
commoner*;-1
commotion*;-1
companion*;1
compassion*;1
compassionate;2
compatib*;1
compelled;1
compensat*;1
competen*;1
competent;2
competitive;2
complacen*;1
complain;-2
complain*;-1
complains;-2
complement*;1
completeness;1
complexit*;-1
complianc*;1
complicat*;-1
compliment*;1
comply;1
complying;1
comprehensiv*;1
comprehensive;2
conceal*;-1
conceit*;-1
concern;-1
concerned;-1
conciliation*;1
conciliatory*;1
conclusiv*;1
concur;1
concurred;1
concurs;1
condemn;-2
condemn*;-1
condescend*;-1
condescension;-1
conduciv*;1
confess*;-1
confidant;1
confide;1
confided;1
confidenc*;1
confidence;2
confident;2
confident;1
confidently;1
confides;1
confiding;1
confinement*;-1
confirm*;1
confiscat*;-1
confiscation*;-1
conflict;-2
conflict*;-1
conflicting;-2
conflicts;-2
confound*;-1
confront*;-1
confus*;-1
confuse;-2
confused;-2
confusing;-2
congenial*;1
congratulat*;1
connect;1
connectionless;-1
conque*;1
conscienc*;1
conscientious*;1
consensus*;1
consent;2
consent*;1
conservation;1
conserve*;1
considerat*;1
consign*;1
consistency;1
consistent;1
consolable;1
consolation;1
consolatory;1
console;1
consoled;1
consoles;1
consolidat*;1
consoling;1
conspir*;-1
conspira*;-1
consternat*;-1
constrain*;-1
constrained;-2
construct;1
constructed;1
constructing;1
constructiv*;1
consummat*;1
contagious*;-1
contaminat*;-1
contemn*;-1
contempt;-2
contempt*;-1
contend;-1
contend*;-1
contender;-1
contented*;1
contenting;1
contention;-1
contentious*;-1
contently;1
contentment*;1
contestable;-1
contested;-1
contester;-1
contesting;-1
contests;-1
continuity*;1
contradic*;-1
contrary*;-1
contrast*;-1
contraven*;-1
contribution*;1
contrit*;-1
controvers*;-1
controversial;-2
controversy*;-1
convenient*;1
convict;-1
convicted;-1
convicting;-1
conviction*;-1
convicts;-1
convinc*;1
convince;1
convinced;1
convivial;2
convivial*;1
cool;1
cool head*;1
cool reception;-1
cool relations;-1
coolness*;-1
cooperat*;1
coordinate;1
coordinated;1
coordinates;1
coordination;1
cope*;1
coping*;1
cordial*;1
corpse;-1
corpse*;-1
correct;1
corrected;1
correcting;1
corrective*;1
correctly;1
correctness;1
corrod*;-1
corros*;-1
corrupt*;-1
costly*;-1
cosy*;1
counterfeit*;-1
courag*;1
courage;2
courageous;2
courted;1
courteous*;1
courtesy;2
courtesy;1
courting;1
courtli*;1
courtly;1
covert*;-1
covet*;-1
coward;-2
coward*;-1
cowardly;-2
cowed;-1
cower*;-1
crabbed*;-1
crabby*;-1
crafty*;-1
cram*;-1
cramp;-1
cramped;-1
cramps;-1
crank;-1
cranked;-1
cranki*;-1
cranks;-1
cranky;-1
crap;-3
crap;-1
crapp*;-1
craps;-1
crash;-2
crass*;-1
crave*;-1
crawl*;-1
craz*;-1
crazy;-2
create;1
created;1
creating;1
creation;1
creations;1
creativ*;1
creative;2
credibility;1
credible;1
credit;1
creditable;1
creditably;1
credited;1
crediting;1
credits;1
credul*;-1
creep*;-1
crie*;-1
cried;-2
cries;-2
crime;-3
crime;-1
crimes;-1
criminal;-3
criminal*;-1
criminals;-3
cring*;-1
crippl*;-1
crisi*;-1
crisis;-3
critic;-2
critic*;-1
criticism;-2
criticize;-2
criticized;-2
criticizing;-2
critics;-2
critiqu*;-1
croak*;-1
crook*;-1
cross the line;-1
crossfire*;-1
crossly;-1
crotchety*;-1
crowded;-1
crowding;-1
crown*;1
crucifie*;-1
crucify*;-1
crude*;-1
cruel;-3
cruel*;-1
cruelty;-3
crumb*;-1
crummy;-1
crush;-1
crush*;-1
crushed;-2
crushing;-1
cry;-1
cry;-1
crybab*;-1
crying;-2
crying;-1
crypt;-1
cryptic;-1
crypts;-1
crystal;1
cuddl*;1
culminat*;1
culpab*;-1
culprit*;-1
cult;-1
cultish;-1
cultivat*;1
cults;-1
cumbersom*;-1
cunt*;-1
cupid*;1
cure;1
cured;1
curer;1
cures;1
curiosity;1
curious;1
curious*;1
curse;-1
cursed;-1
curser;-1
curses;-1
cursing;-1
cursory;-1
curst;-1
curtain*;-1
cut;-1
cut to pieces*;-1
cut up*;-1
cute;2
cute*;1
cutie*;1
cuts;-1
cutt;-1
cutter*;-1
cutthroat*;-1
cutting;-1
cutting edge;1
cutting*;-1
cynic;-2
cynic*;-1
cynical;-2
cynicism;-2
daft*;-1
damag*;-1
damage;-3
damages;-3
damm*;-1
damn;-4
damn*;-1
damned;-4
danc*;1
dander*;-1
danger;-2
danger*;-1
daring;2
daring*;1
dark*;-1
darkest;-2
darkness;-1
darlin*;1
darn;-1
darned;-1
dash;-1
dashed;-1
dashes;-1
daunt;-1
daunted*;-1
daunting*;-1
dauntless*;1
daunts*;-1
dawdl*;-1
daze*;-1
dazzl*;1
dead;-3
dead;-1
deadbeat*;-1
deaden*;-1
deadlier;-1
deadliest;-1
deadlock*;-1
deadly;-1
deadweight;-1
deaf*;-1
deafening;-1
dear;2
dear;1
dearer*;1
dearest*;1
deari*;1
dearly;3
dearly*;1
dearness*;1
dears*;1
dearth*;-1
death;-2
death*;-1
debatab*;-1
debilitat*;-1
debt;-2
debt*;-1
decadenc*;-1
decay*;-1
decease*;-1
decei*;-1
deceit;-3
deceitful;-3
deceives;-3
deceiving;-3
decency*;1
decent;1
decently;1
decepti*;-1
deception;-3
decisiv*;1
decorat*;1
decrie*;-1
decry*;-1
dedicat*;1
dedicated;2
defam*;-1
default*;-1
defeat*;-1
defect*;-1
defects;-3
defenceless*;-1
defend;1
defended;1
defender;1
defending;1
defends;1
defenseless*;-1
defensible;1
defensive*;-1
defian*;-1
defiant;-1
deficien*;-1
deficit;-2
deficit*;-1
defil*;-1
defy*;-1
degenerat*;-1
degrad*;-1
degrade;-2
degrades;-2
dehumanizing;-2
deject*;-1
delay*;-1
deleterious*;-1
delicac*;1
delicate*;1
delicious*;1
delight;3
delight*;1
delighted;3
delightful*;1
delights;3
delinquen*;-1
deliriu*;-1
deluded*;-1
delug*;-1
delusion*;-1
demand;-1
demanding;-1
demands;-1
demean;-1
demeaned;-1
demeaning*;-1
demeans;-1
dement*;-1
demis*;-1
demolish*;-1
demon;-1
demoniac;-1
demonic;-1
demons;-1
demonstration;-1
demorali*;-1
denial*;-1
denie*;-1
denied;-2
denigra*;-1
denounc*;-1
dent;-1
dented;-1
denting;-1
dents;-1
deny;-2
deny*;-1
denying;-2
depend;-1
dependab*;1
dependen*;-1
deplet*;-1
deplor*;-1
deport*;-1
depose;-1
deposed;-1
deposes;-1
deposing;-1
deprav*;-1
deprecat*;-1
depreciat*;-1
depres*;-1
depressed;-2
depressing;-2
depriv*;-1
derail*;-1
derailed;-2
derails;-2
derid*;-1
derision;-1
derisiv*;-1
derogator*;-1
descry*;1
deserted*;-1
deserter;-1
desertion*;-1
deserv*;1
desir*;1
desire;1
desired;2
desolat*;-1
despair;-3
despair*;-1
desperat*;-1
desperate;-3
desperately;-3
despicab*;-1
despis*;-1
despiteful*;-1
despondant*;-1
desponden*;-1
despondent;-3
destitut*;-1
destroy;-3
destroy*;-1
destroyed;-3
destroys;-3
destruct*;-1
destruction;-3
destructive;-3
desultory*;-1
detached;-1
detached*;-1
detained;-2
detention;-2
deter;-1
deteriorat*;-1
determent;-1
determin*;1
determined;2
deterred;-1
deterrence;-1
deterrent*;-1
deterring;-1
deters;-1
detersiv*;1
detest*;-1
detract*;-1
detrimental*;-1
devalu*;-1
devastat*;-1
devastated;-2
devastating;-2
devil*;-1
devious*;-1
devoid;-1
devot*;1
devoted;3
devour*;-1
dexter*;1
diabolic*;-1
diamond;1
dick;-4
dick;-1
dickhead;-4
dicks;-1
dictat*;-1
die;-3
die;-1
died;-3
died;-1
dies;-1
difficult;-1
difficult*;-1
diffus*;-1
digni*;1
dilapidat*;-1
dilemma;-1
dilemma*;-1
diligent*;1
dim;-1
dimly;-1
dimm*;-1
dimness;-1
dims;-1
dimwit*;-1
din;-1
dingy*;-1
dink*;-1
dins;-1
dire;-3
dire;-1
direful;-1
direr;-1
direst;-1
dirge*;-1
dirt;-2
dirt cheap*;1
dirt*;-1
dirty;-2
disab*;-1
disadvantag*;-1
disadvantage;-2
disaffect*;-1
disagre*;-1
disagree*;-1
disagreement*;-1
disappeared;-1
disappears;-1
disappoint;-2
disappoint*;-1
disappointed;-2
disappointing;-2
disappointment;-2
disappointment*;-1
disappointments;-2
disappoints;-2
disapprov*;-1
disast*;-1
disaster;-2
disastrous;-3
disavow*;-1
disbelief*;-1
discern*;1
disclaim*;-1
discomfitur*;-1
discomfort*;-1
discompos*;-1
disconcert*;-1
disconnect*;-1
disconsolat*;-1
discontent*;-1
discord;-2
discord*;-1
discordant*;-1
discourag*;-1
discover*;1
discredit*;-1
discreet*;1
discrepan*;-1
discretion*;1
discrimina*;-1
disdain;-2
disdain*;-1
diseas*;-1
disenchant*;-1
disfavor*;-1
disfavour*;-1
disgrac*;-1
disgrace;-2
disgraced;-2
disgruntl*;-1
disguise;-1
disguised;-1
disgust;-3
disgust*;-1
disgusted;-3
disgusting;-3
dishearten*;-1
dishevel*;-1
dishonest*;-1
dishonor*;-1
dishonour*;-1
disillusion*;-1
disillusioned;-2
disinclin*;-1
disinclined;-2
disingenuous*;-1
disinterest*;-1
disjointed;-2
dislik*;-1
dislike;-2
disloyal*;-1
dismal*;-1
dismay*;-1
dismiss*;-1
disobedien*;-1
disobey*;-1
disorder;-2
disorder*;-1
disorgani*;-1
disoriented;-2
disparag*;-1
disparat*;-1
dispel*;-1
dispensatory*;1
dispirit*;-1
displac*;-1
displeas*;-1
displeasur*;-1
dispose*;-1
disproportionat*;-1
disput*;-1
dispute;-2
disputes;-2
disquiet*;-1
disregard;-2
disregard*;-1
disrespect*;-1
disrupt*;-1
disruption;-2
disruptive;-2
dissatisf*;-1
dissent*;-1
disservice;-1
dissimilar*;-1
dissipat*;-1
dissociat*;-1
dissolution*;-1
distast*;-1
distinguished*;1
distort;-2
distort*;-1
distract;-2
distract*;-1
distracted;-2
distraction;-2
distracts;-2
distraught*;-1
distres*;-1
distress;-2
distress*;-1
distressing;-2
distressing*;-1
distrust;-3
distrust*;-1
disturb;-2
disturb*;-1
disturbing;-2
disturbs;-2
dither*;-1
divert*;-1
divide;-1
divided;-1
divider;-1
divides;-1
dividing;-1
divin*;1
divisi*;-1
divorc*;-1
dizz*;-1
dizzy;-1
docil*;1
dodging;-2
dodgy;-2
doldrum*;-1
doleful*;-1
dolor*;-1
dolour*;-1
dominan*;1
domineer*;-1
donkey*;-1
doom;-2
doom*;-1
doomed;-2
dophagy*;-1
double;-1
doubt;-1
doubt;-1
doubtable*;-1
doubted;-1
doubted*;-1
doubter*;-1
doubtful*;-1
doubting*;-1
doubtless*;1
doubts;-1
doubts;-1
doughty*;1
down to earth*;1
downcast*;-1
downfall*;-1
downhearted*;-1
downhill*;-1
downplay;-1
downside;-2
downside*;-1
downtrodden*;-1
drab*;-1
drag;-1
drag;-1
dragged;-1
dragged;-1
dragging;-1
drags;-1
drags;-1
drained;-2
drained*;-1
drawback*;-1
dread;-2
dread*;-1
dreadful;-3
dream;1
dreams;1
dreary;-2
dreary*;-1
droop*;-1
drop;-1
drown;-2
drown*;-1
drowned;-2
drowsy*;-1
drunk;-2
drunk*;-1
dubious;-2
dubious*;-1
dudgeon*;-1
dull;-2
dull*;-1
dumb;-3
dumb*;-1
dumm*;-1
dump*;-1
dun;-1
dunce;-1
dunderhead*;-1
dung;-1
duped*;-1
duplicit*;-1
dutiful*;1
dwindl*;-1
dying*;-1
dysfunction;-2
dysfunction*;-1
eager;2
eager*;1
earnest;2
earnest*;1
ease;2
ease;1
eased;1
easeful;1
easement;1
eases;1
easi*;1
easy;1
easy*;1
ebullient*;1
eccentric*;-1
ecstatic*;1
educate*;1
educating;1
educational*;1
educations;1
educator*;1
eerie;-2
effac*;-1
effectiv*;1
effective;2
effectively;2
efficac*;1
efficien*;1
effort*;1
egotis*;-1
elaborat*;1
elat*;1
elation;3
elegan*;1
elegant;2
elegantly;2
elegy*;-1
eliminat*;-1
eloquent*;1
embarrass*;-1
embarrassed;-2
embarrassing;-2
embitter*;-1
embolden*;1
embrac*;1
embrace;1
emergencies;-1
emergency;-2
emergency*;-1
eminenc*;1
eminent*;1
emotionless;-1
empath*;1
empathetic;2
emperor*;1
emphatic*;1
empower*;1
emptied;-1
empties;-1
emptiness;-1
emptiness;-1
empty;-1
empty;-1
enamor*;1
enamour*;1
enchant*;1
enchanted;2
encourag*;1
encourage;2
encouraged;2
encourages;2
encroach*;-1
endanger*;-1
endear*;1
endorses;2
enemi*;-1
enemies;-2
enemy;-2
enemy*;-1
energetic;2
energetic*;1
energiz*;1
engage;1
engages;1
engrossed;1
engrossed*;-1
engulf*;-1
enhanc*;1
enjoy;2
enjoy*;1
enjoying;2
enjoyment*;1
enjoys;2
enlighten*;1
enlightening;2
enlightens;2
enmity*;-1
ennui;-2
ennui*;-1
enrag*;-1
enraged;-2
enrapture;3
enrich*;1
enslav*;-1
ensur*;1
ensure;1
ensuring;1
entangl*;-1
entertain*;1
entertaining;2
enthrallment*;1
enthus*;1
enthusiastic;3
enthusiastic*;1
entitled;1
entitlement*;-1
entranced;1
entrancement*;1
entrancing;1
enviable;1
enviably;1
envie;-1
envied;-1
envies;-1
envious*;-1
envy;-1
envy*;-1
epidemic*;-1
equality;1
equitabl*;1
equivoca*;-1
eradicat*;-1
eras*;-1
erod*;-1
erosion*;-1
err;-1
errancy;-1
errant;-1
erratic*;-1
erred;-1
erring;-1
erroneous*;-1
error;-2
error*;-1
errs;-1
escap*;1
escape;-1
escaping;-1
esoteric*;-1
essential;1
esteem*;1
estrang*;-1
ethic*;1
ethical;2
eulogi*;-1
euphori*;1
euphoria;3
evad*;-1
evasiv*;-1
evict*;-1
evil;-3
evil*;-1
eviscerat*;-1
exacerbat*;-1
exaggera*;-1
exaggerated;-2
exaggerates;-2
exalt*;1
exasperat*;-1
exasperated;2
excel*;1
excellence;3
excellent;3
exceptional;1
excessiv*;-1
excitab*;1
excite;3
excite*;1
excited;3
excited*;1
excitement;3
exciting;3
exciting*;1
exclud*;-1
excluded;-2
exclusion*;-1
excommunicat*;-1
excoriat*;-1
excruciat*;-1
excuse;-1
execrab*;-1
execrat*;-1
exhaust*;-1
exhausted;-2
exhilarat*;1
exhilarating;3
exhilerat*;1
exile*;-1
exonerate;2
expand;1
expands;1
expectancy*;1
expel*;-1
expelled;-2
expert*;1
explod*;-1
exploit*;-1
exploited;-2
exploits;-2
exploration;1
explorations;1
explosi*;-1
expose;-1
exposed;-1
exposes;-1
exposing;-1
expressiv*;1
exquisit*;1
extends;1
exterminat*;-1
extinct*;-1
extinguish*;-1
extraordinary*;1
extravagant*;-1
extreme;-1
extremi*;-1
exuberan*;1
exuberant;4
exult*;1
exultant*;1
eyesore;-1
fabrication*;-1
fabulous;4
fabulous*;1
facile;1
factual*;1
fade*;-1
fading*;-1
fail;-2
fail*;-1
failed;-2
failing;-2
fails;-2
failure;-2
faint*;-1
fair;2
fair;1
fairer;1
fairest;1
fairness;1
faith;1
faith;1
faithful;3
faithful*;1
faithless*;-1
fake;-3
fake*;-1
faking;-3
fallacies;-1
fallacious*;-1
fallacy;-1
fallen;-2
fallen;-1
fallib;1
falling;-1
fallout*;-1
fallow;-1
fals*;-1
falsehood*;-1
falseness*;-1
falter*;-1
fame;1
fame;1
famed*;1
famine*;-1
famished*;-1
famou*;1
fan;3
fanatic*;-1
fanci*;1
fancy*;1
fantastic;4
fantastic*;1
farce;-1
farsighted*;1
fascinat*;1
fascinated;3
fascinating;3
fascis*;-1
fascist;-2
fash;-1
fashed;-1
fashes;-1
fashing;-1
fashionab*;1
fastidious*;-1
fatal*;-1
fatigu*;-1
fault;-1
faulted;-1
faulti*;-1
faultless*;1
faults;-1
faulty;-1
favor;2
favorab*;1
favored;2
favorite;2
favorite*;1
favorites;2
favortitism*;-1
favourab*;1
favourite*;1
favourititsm*;-1
fawn*;-1
faze*;-1
fear;-2
fear;-1
feared*;-1
fearful;-2
fearful*;-1
fearing;-2
fearing*;-1
fearless;2
fearless*;1
fears*;-1
feasible;1
feast*;1
fecund*;1
fed up;-1
feebl*;-1
feeling;1
feign*;-1
feint*;-1
felony;-3
feroc*;-1
fervent;2
fervor*;1
fervour*;1
festal*;1
festiv*;1
fete*;1
feud;-1
feudal;-1
feuded;-1
feuding;-1
feuds;-1
fiasco;-3
fiasco*;-1
fickl*;-1
fidelity*;1
fidget*;-1
fidgety;-2
fiefdom*;-1
fiend*;-1
fierc*;-1
fiery*;-1
fiesta*;1
fight;-1
fight*;-1
filth*;-1
filthy*;-1
fine;2
finesse;1
finest;1
fire;-2
fired;-2
firing;-2
firmly;1
firmness;1
fishy;-1
fit;1
fit;1
fitness;1
flabbergast*;-1
flatter*;1
flaw;-1
flawed*;-1
flawless*;1
flaws*;-1
flees;-1
flexib*;1
flimsy*;-1
flinch*;-1
flip;-1
flippan*;-1
flipped;-1
flipping;-1
flips;-1
flirt*;1
flop;-2
flop*;-1
flounder*;-1
flourish*;1
fluen*;1
flunk*;-1
flurry*;-1
flush;1
flushed;1
fluster*;-1
flutter*;-1
focused;2
foe*;-1
fog;-1
fogg*;-1
foggy;-1
fogs;-1
foibl*;-1
foil*;-1
folly*;-1
foment*;-1
fond;2
fond;1
fonder;1
fondest;1
fondly;1
fondness;1
fool;-2
fool*;-1
foppish*;-1
forbid*;-1
forced;-1
forced*;-1
forceful;1
forcing;-1
forebade*;-1
forebid*;-1
forebod*;-1
foremost*;1
foresight*;1
forfeit*;-1
forgav*;1
forget;-1
forget*;-1
forgiv*;1
forgive;1
forgiving;1
forgot*;-1
forgotten;-1
forlorn*;-1
formidab*;-1
forsake*;-1
fortitud*;1
fortunate;2
fortunate*;1
forward;1
foster;1
fostered;1
fosterer;1
fostering;1
fosters;1
fought*;-1
foul*;-1
foundered;-1
fractur*;-1
fragil*;-1
fragrant*;1
frail*;-1
frank;1
franker;1
frankest;1
frankness;1
frantic;-1
frantic*;-1
fraternal*;1
fraud*;-1
fraught*;-1
frazzl*;-1
freak*;-1
free;1
free;1
freeb*;1
freed*;1
freedom;2
freedom*;1
freeing;1
freely;1
freeman;1
freeness;1
freer;1
frees;1
freest;1
freethink*;1
freezing;-1
frenz*;-1
frenzy;-3
fresh;1
fresh*;1
fret*;-1
friend;1
friendless;-1
friendli*;1
friendly;2
friendly;1
friends;1
friendship*;1
fright*;-1
frightening;-3
frigid*;-1
fritter*;-1
frivol*;-1
frolic*;1
frown*;-1
frozen*;-1
frugal*;1
fruitful*;1
fruition*;1
fruitless*;-1
frustrat*;-1
frustrate;-2
frustrated;-2
frustrating;-2
frustration;-2
fuck;-4
fuck*;-1
fucked;-4
fuckers;-4
fucking;-4
fulfill*;1
fulfilled;2
fullness*;1
fulsom*;-1
fumbl*;-1
fume*;-1
fuming*;-1
fun;4
fun;1
funereal*;-1
funky;2
funni*;1
funnier;4
funny;4
funny*;1
furiou*;-1
furious;-3
fury*;-1
fuss*;-1
futil*;-1
futile;2
gaiety*;1
gaily;1
gain;2
gained;2
gains;2
gala;1
galas;1
gall;-1
gallant*;1
galled;-1
galling*;-1
gallow*;-1
gambl*;-1
gang;-1
garbl*;-1
garnish*;1
gash;-1
gashed;-1
gashes;-1
gashing;-1
gasp*;-1
gaud*;-1
gayly;1
generate*;1
generating;1
generative;1
genero*;1
generous;2
genial;3
genial*;1
geniu*;1
gentle;1
gentler;1
gentlest;1
gently;1
genuin*;1
germ;-1
germane;1
germs;-1
ghastly*;-1
ghost;-1
ghost;-1
ghostli*;-1
ghostly;-1
ghosts;-1
giddy*;1
gift;2
gift*;1
gifted*;1
giggl*;1
glad;3
glad;1
gladden*;1
gladder;1
gladdest;1
gladly;1
gladnes*;1
gladsome*;1
glamor*;1
glamorous;3
glamour*;1
gleam*;1
glean*;1
glee*;1
gleeful*;1
glimmer*;1
glisten*;1
glitter*;1
gloat*;-1
gloom*;-1
gloomy;-2
glorious;2
glorious*;1
glory;2
glory*;1
glossy*;1
glow;1
glowed;1
glower;-1
glowing;1
glows;1
glum*;-1
glut;-1
glutton*;-1
gnash*;-1
god;1
god knows*;-1
goddam*;-1
goddamn;-3
goddamn*;-1
goddess*;1
godli*;1
gold;1
golden*;1
good;3
good;1
goodbye*;-1
goodie*;1
goodness;3
goodness*;1
goodwill*;1
goodx;1
goody;1
gorgeous*;1
gorgonian*;-1
gownsman*;1
grab*;-1
grace;1
grace;1
graced*;1
graceful*;1
graceless*;-1
graces*;1
graci*;1
graft*;1
grand;3
grand;1
grande*;1
grandly;1
grant;1
granted;1
granting;1
grants;1
grappl*;-1
grasp*;-1
gratef*;1
grateful;3
gratifi*;1
gratify*;1
grating*;-1
gratitude*;1
gratuitous*;-1
grave;-2
grave;-1
grave*;-1
gray;-1
great;3
great;1
greater;3
greatest;3
greatness;1
greed;-3
greed*;-1
greet*;1
greeted;1
greeting;1
gregarious*;1
grey;-1
grie*;-1
grief;-2
grievous*;-1
grim*;-1
grin;1
grind;-1
grinder;-1
grinding;-1
grindingly;-1
grinn*;1
grins;1
gripe*;-1
grizzly*;-1
groan*;-1
grogg*;-1
gross;-2
gross;-1
grossly;-1
grotesqu*;-1
grouch*;-1
groundbreaking;-1
grovel*;-1
growing;1
growl*;-1
growth;2
grubby*;-1
grudg*;-1
gruelling*;-1
gruff*;-1
grumbl*;-1
grump*;-1
guarantee;1
guardian*;1
guilt;-3
guilt;-1
guilti*;-1
guiltless*;1
guilty;-3
guilty*;-1
gullib*;-1
gun;-1
gunk*;-1
gusto*;1
gutless*;-1
guts*;1
hack*;-1
hades*;-1
haggard*;-1
haha;3
hail;2
hailed;2
hairif*;1
half hearted*;-1
half mast;-1
halt;-1
halted;-1
halting;-1
halts;-1
hamper*;-1
handicap*;-1
handsom*;1
handy*;1
hang by a thread;-1
hang over*;-1
hanged;-1
hangover*;-1
haphazard*;-1
hapless*;-1
happi*;1
happiness;3
happy;3
happy*;1
harang*;-1
harass*;-1
hard;-1
hard;-1
hard earned;1
hard fought;1
hard work*;1
harden*;-1
harder;-1
hardest;-1
hardhead*;-1
hardhearted*;-1
hardi*;1
hardship;-2
hardship*;-1
hardworking;1
hardy;2
hardy*;1
harm;-2
harm;-1
harmed;-2
harmed*;-1
harmer*;-1
harmful;-2
harmful*;-1
harming*;-1
harmless*;1
harmonic*;1
harmonies;1
harmonious*;1
harmonists;1
harmonium;1
harmony;1
harms*;-1
harness*;1
harried*;-1
harsh;-2
harsh*;-1
harshest;-2
hassl*;-1
hate;-3
hate*;-1
hated;-3
hates;-3
hating;-3
hating*;-1
hatr*;-1
haught*;-1
haunt;-1
haunt*;-1
haunted;-2
haunting;1
havoc*;-1
hazard*;-1
haze;-1
hazed;-1
hazer;-1
hazes;-1
hazi*;-1
hazy*;-1
headach*;-1
heal;1
healed;1
healing;1
heals;1
healthful*;1
healthi*;1
healthy;2
healthy;1
heart and soul;1
heart break;-1
heart rending*;-1
heart stirring;1
heart wounding;-1
heart wrench;-1
heartache;-1
heartbreak*;-1
heartbreaking;-3
heartbroke*;-1
heartbroken;-3
heartburn*;-1
hearten*;1
heartfelt;3
heartfelt*;1
hearti*;1
heartless*;-1
hearts;1
heartsick*;-1
heartwarm*;1
hearty*;1
heaven;2
heaven*;1
heavenly;4
heavily*;-1
heavy*;-1
heckl**;-1
heedless*;-1
heinous*;-1
hell;-4
hell;-1
hellbender*;-1
hellcat*;-1
hellfire*;-1
hellhole*;-1
hellhound*;-1
hellion*;-1
hellish*;-1
hells;-1
help;2
help;1
helped*;1
helper*;1
helpful;2
helpful*;1
helping;2
helping;1
helpless;-2
helpless*;-1
helps;2
helps*;1
hero;2
hero;1
heroes;2
heroes;1
heroic;3
heroic*;1
heroine*;1
heroism;1
heros;1
hesita*;-1
hid;-1
hid*;-1
hide;-1
hiding;-1
high end;1
high expectation*;1
high point*;1
high rank;1
high regard;1
highbrow;1
highlight;2
highly rated;1
hilari*;1
hilariou*;1
hilarious;2
hinder*;-1
hindranc*;-1
hindrance;-2
hissing*;-1
hits*;-1
hitt*;-1
hoax*;-1
hobbl*;-1
holiday*;1
holier than thou;-1
hollow*;-1
holocaust*;-1
homag*;1
home run*;1
home stretch;1
homed;1
homeless*;-1
homeli*;-1
homely*;-1
homesick;-2
homesick*;-1
homey;1
homicid*;-1
homophob*;-1
honest;2
honest*;1
honesty*;1
honeymoon*;1
honor;2
honor*;1
honoring;2
honour;2
honour*;1
hoodwinked*;-1
hope;2
hope;1
hoped*;1
hopeful;2
hopeful*;1
hopefully;2
hopeless;-2
hopeless*;-1
hopelessness;-2
hoper*;1
hopes;2
hopes*;1
hoping;2
hoping*;1
horr*;-1
horrendous;-3
horrible;-3
horrific;-3
horrified;-3
hospitab*;1
hostage*;-1
hostil*;-1
hostile;-2
hot headed*;-1
hot potato*;-1
hot seat;-1
hot spot*;-1
hotbed*;-1
hothead*;-1
hotheaded*;-1
hound*;-1
huff*;-1
hug;2
hug;1
huge;1
hugg*;1
hugs;1
humane*;1
humanitarian*;1
humiliat*;-1
humiliation;-3
humility;1
humor;2
humor;1
humored*;1
humoring;1
humorist;1
humorless*;-1
humorous;2
humorous*;1
humors;1
humour;2
humour;1
humoured*;1
humouring;1
humourist;1
humourless*;-1
humourous;2
humourous*;1
humours;1
hunger;-2
hurra*;1
hurt;-2
hurt*;-1
hurting;-2
hurts;-2
hustl*;-1
hypercritical*;-1
hypnoti*;1
hypochondriac*;-1
hypocri*;-1
hypocritical;-2
hysteri*;-1
icy*;-1
ideal;1
idealise*;1
idealistic*;1
idealize*;1
ideally;1
ideals;1
ideologue*;-1
idiot;-3
idiot*;-1
idiotic;-3
idle*;-1
ignob*;-1
ignom*;-1
ignor*;-1
ignorance;-2
ignorant;-2
ignore;-1
ignored;-2
ill;-2
ill;-1
illegal;-3
illegal*;-1
illegitima*;-1
illicit*;-1
illitera*;-1
illness;-2
illness*;-1
illogic*;-1
illomen*;-1
ills;-1
illum*;1
illusion*;-1
illusive*;-1
illusory;-1
illustriou*;1
imaginative*;1
imbalance*;-1
imbecile;-3
immaculat*;1
immatur*;-1
immoral*;-1
immortal*;1
immovab*;-1
impair*;-1
impartial*;1
impasse*;-1
impatien*;-1
impatient;-2
impeccable*;1
impede*;-1
impediment*;-1
imperfect;-2
imperfect*;-1
impersonal*;-1
impertinent*;-1
impetuous*;-1
impinge*;-1
implausib*;-1
implicat*;-1
impolit*;-1
importance;2
important;2
impose;-1
imposed;-1
imposes;-1
imposing;-1
impossib*;-1
impotent*;-1
impoverish*;-1
imprecis*;-1
impress;3
impress;1
impressed;3
impressed;1
impresser;1
impresses;3
impresses;1
impressing*;1
impressionable;1
impressive;3
impressive*;1
imprison*;-1
imprisoned;-2
improbab*;-1
improper*;-1
improve;2
improve;1
improved;2
improved;1
improvement;2
improvement*;1
improves;2
improves;1
improviden*;-1
improving;1
imprudent*;-1
impulsiv*;-1
impunity*;1
impur*;-1
in control;1
in gear*;1
in hot water;-1
in obedience to*;1
in still water*;1
inabilit*;-1
inability;-2
inaccessib*;-1
inaccur*;-1
inaction;-2
inactiv*;-1
inadequa*;-1
inane;-1
inappropriat*;-1
inaugurat*;1
incapa*;-1
incapable;-2
incensed;-1
incenses;-1
incensing;-1
incentive*;1
incest*;-1
incoher*;-1
incompatib*;-1
incompetenc*;-1
incompetence;-2
incompetent;-2
incompetent*;-1
incomplet*;-1
inconceivab*;-1
inconsiderat*;-1
inconsist*;-1
inconsolab*;-1
inconvenient*;-1
incorrect*;-1
increase;1
increased;1
incredulous*;-1
incriminat*;-1
incurab*;-1
incursion*;-1
indebted*;-1
indecent*;-1
indecis*;-1
indefinit*;-1
indeterminat*;-1
indictment*;-1
indifferenc*;-1
indifference;-2
indifferent;-2
indifferent*;-1
indigna*;-1
indignant;-2
indiscriminat*;-1
indispens*;1
indispos*;-1
indistinct*;-1
indomitab*;1
indulge in*;1
indulgen*;1
industrious*;1
ineffect*;-1
ineffective;-2
inefficien*;-1
inept*;-1
inequal*;-1
inequity*;-1
inexact*;-1
inexcusab*;-1
inexpensiv*;1
inexperienc*;-1
inexplicab*;-1
inexpressiv*;-1
inextinguishab*;-1
infallib*;1
infamous*;-1
infatuated;2
infatuation;2
infect;-1
infected;-2
infected;-1
infectio*;-1
infects;-1
inferior;-2
inferior*;-1
infest*;-1
inflamed;-2
inflexib*;-1
inflict*;-1
influential;2
infrequent*;-1
infring*;-1
infuriat*;-1
infuriated;-2
infuriating;-2
ingenious*;1
inglorious*;-1
ingrat*;-1
inhib*;-1
inhuman*;-1
inimical*;-1
injunction*;-1
injur*;-1
injured;-2
injury;-2
injury*;-1
injustic*;-1
injustice;-2
innocen*;1
innocuous*;1
innovat*;1
innovative;2
innuendo*;-1
inquietud*;-1
inquisitiv*;1
inquisitive;2
insan*;-1
insane;-2
inscrutab*;-1
insecur*;-1
insensib*;-1
insensitiv*;-1
inseparab*;1
insidious*;-1
insignificant;-2
insignificant*;-1
insincer*;-1
insinuat*;-1
insipid*;-1
insistent*;1
insolenc*;-1
insolent*;-1
insoucianc*;-1
inspir*;1
inspiration;2
inspirational;2
inspire;2
inspired;2
inspires;2
inspiring;3
instab*;-1
insufferab*;-1
insufficien*;-1
insulate;-1
insulated;-1
insulates;-1
insult;-2
insult*;-1
insulting;-2
insults;-2
insurgen*;-1
intact*;1
integrity;2
integrity*;1
intellect*;1
intelligence;1
intelligent;2
intelligent;1
intelligible;1
intense;1
interest;1
interested;2
interesting;2
interesting*;1
interests;1
interfer*;-1
interrupt;-2
interrupt*;-1
interrupted;-2
intimacy*;1
intimat*;1
intimidat*;-1
intimidation;-2
intolera*;-1
intricate;2
intrigues;1
intrud*;-1
intrusi*;-1
inundat*;-1
invad*;-1
invalid*;-1
invaluab*;1
invas*;-1
inventive*;1
invisib*;-1
invite;1
invite;1
inviting;1
inviting;1
involuntary*;-1
invulnerab*;1
irascib*;-1
irascibility*;-1
irat*;-1
ire*;-1
irk*;-1
ironic;-1
ironic*;-1
irony;-1
irony*;-1
irrational;-1
irrational*;-1
irreconcil*;-1
irregular*;-1
irrelevant*;-1
irreparab*;-1
irresistible;2
irresponsib*;-1
irreversible;-1
irrita*;-1
irritat*;-1
irritating;-3
isolat*;-1
isolated;-1
itchy*;-1
jaded*;-1
jail*;-1
jailed;-2
jargon*;-1
jarred;-1
jarring*;-1
jars;-1
jealou*;-1
jealous;-2
jeer*;-1
jeopard*;-1
jeopardy;-2
jerk;-3
jerk*;-1
jesus;1
jewel;1
jewel;1
jitte*;-1
jocular*;1
jocund*;1
join;1
join;1
joined*;1
joining*;1
jok*;1
joke;2
jokes;2
joll*;1
jovial;2
jovial*;1
joy;3
joy;1
joyance;1
joyed*;1
joyful;3
joyful*;1
joyfully;3
joyless;-2
joyless*;-1
joyous;3
joyous*;1
joys;1
jubila*;1
judgmental*;-1
jumbl*;-1
jumpy*;-1
junk;-1
junked;-1
junking;-1
junks;-1
junky;-1
justice;2
justif*;1
justified;2
justify*;1
keen;1
keen*;1
keep pace with*;1
keeping*;1
kick;-1
kicked;-1
kicking;-1
kicks;-1
kidded;1
kidder;1
kidding;1
kidnap*;-1
kill;-3
kill*;-1
killed;-3
killing;-3
kills;-3
kind;2
kind word*;1
kinder;1
kindest;1
kindheart*;1
kindly*;1
kindness*;1
kindred;1
kiss;2
kiss*;1
knif*;-1
kniv*;-1
knock;-1
knocked;-1
knowledg*;1
kudos;3
labyrinth*;-1
lachrymos*;-1
lack;-2
lack*;-1
lackadaisical;-2
lag;-1
laggard*;-1
lagged;-1
lagging;-2
lagging;-1
lags;-1
laid back;1
laidback;1
lame;-2
lame*;-1
languid*;-1
languish*;-1
languor*;-1
lapse;-1
lapsed;-1
lapses;-1
laud*;1
laugh;1
laughab*;-1
laughed;1
laughing;1
laughingstock;-1
laughs;1
lavish*;1
lawful*;1
lawles*;-1
lawsuit;-2
lawsuit*;-1
lax;-1
lazi*;-1
lazy;-1
lazy*;-1
leaderless;-1
leak*;-1
learn*;1
leave;-1
leery*;-1
legal;1
legally;1
legitima*;1
leisur*;1
lethal*;-1
lethargic;-2
liab*;-1
liar;-3
liar*;-1
liars;-3
liberat*;1
liberation*;1
libert*;1
lice;-1
lie to;-1
lied;-2
lied;-1
lifeless*;-1
lighten*;1
lighthearted;1
lighthearted*;1
likab*;1
like;2
like;1
likeab*;1
liked;2
liked;1
liker;1
likes;2
likes;1
liking*;1
limelight;1
limit;-1
limita*;-1
limitation;-1
limite*;-1
limited;-1
limiting;-1
limits;-1
limits;-1
limp;-1
limped;-1
limper;-1
limpid;-1
limping;-1
limply;-1
limpness;-1
limps;-1
litigation;-1
litter*;-1
livel*;1
lively;2
livid*;-1
lmao;4
load off;1
loath*;-1
loathe;-3
lol;3
lone*;-1
lonely;-2
lonesome;-2
long live;1
longing;-1
look for*;1
look to;1
look up to*;1
loom*;-1
looming;-1
looms;-1
loop hol*;-1
loose;-3
looses;-3
lopsided*;-1
lorn*;-1
lose*;-1
loser;-3
losing;-3
losing*;-1
loss;-3
loss*;-1
lost;-3
lost*;-1
lous*;-1
lovab*;1
love;3
love;1
love struck;1
loveable;1
loved;3
loved*;1
loveless*;-1
loveli*;1
lovelorn*;-1
lovely;3
lovely*;1
lover*;1
loves;1
lovesick*;-1
lovey*;1
loving;2
loving*;1
low end;-1
low expectation;-1
low point;-1
low quality;-1
low rank;-1
low rated;-1
low regard*;-1
lowborn;-1
lowbred;-1
lowbrow;-1
lowermost;-1
lowest;-1
lowli*;-1
lowly;-1
loyal;3
loyal*;1
loyalty;3
lucid*;1
luck;3
luck;1
lucked*;1
lucki*;1
luckily;3
luckless*;-1
lucks;1
lucky;3
lucky*;1
lucrativ*;1
ludicrous*;-1
lullaby*;1
luminous*;1
lunatic*;-1
lure;-1
lured;-1
lurer;-1
lures;-1
lurid;-1
luring*;-1
lurk*;-1
lurking;-1
lust;-1
lustful*;-1
lustrous*;1
lute;1
luxur*;1
lying;-1
lynch*;-1
mad;-3
mad;-1
madd*;-1
maddening;-3
madhouse*;-1
madly;-1
madman*;-1
madmen*;-1
madness;-3
madness*;-1
madwoman*;-1
magestic*;1
maggot*;-1
magnific*;1
maim*;-1
majestic*;1
majesty*;1
make head*;1
maladjust*;-1
malady*;-1
malefic*;-1
malevolen*;-1
malic*;-1
malign*;-1
manageab*;1
mandatory;-1
mangl*;-1
maniac*;-1
manipulated;-1
manipulating;-1
manipulation;-1
manly*;1
manna*;1
manslaughter*;-1
manur*;-1
mar;-1
maraud*;-1
marginaliz*;-1
marred;-1
marring;-1
mars;-1
marvel;3
marvel*;1
marvelous;3
marvels;3
masochis*;-1
masquerad*;-1
massacr*;-1
masterful*;1
masterly*;1
masterpiece;4
masterpieces;4
mastery*;1
matchless*;1
mate;1
matter;1
matters;1
matur*;1
mature;2
maturity*;1
meager*;-1
mean spirit*;-1
meaner;-1
meanest*;-1
meanies*;-1
meaningful;2
meaningful*;1
meaningless;-2
meaningless*;-1
meanly;-1
meanness*;-1
meddl*;-1
mediocr*;-1
meditative;1
meek*;-1
melanc*;-1
melancholy;-2
mellow*;1
memorab*;1
menac*;-1
menace;-2
mend;1
mended;1
mender;1
mending;1
mends;1
menial*;-1
merciful*;1
merciless*;-1
mercy;2
mercy*;1
merit*;1
merr*;1
mesmeri*;1
mess;-2
mess;-1
messed;-2
messed;-1
messes;-1
messier;-1
messiest;-1
messiness;-1
messing;-1
messy*;-1
methodical;2
meticulous*;1
mild;1
milder;1
mildest;1
mildew;-1
mildly;1
mildness;1
milestone*;1
mindful*;1
mint condition;1
mirac*;1
miracle;4
mirth*;1
mirthful;3
misanthrop*;-1
misbehav*;-1
miscarriage*;-1
mischie*;-1
misconduct;-1
misdeed*;-1
miser*;-1
miserable;-3
misery;-2
misfortun*;-1
misgiving*;-1
misguid*;-1
mishandl*;-1
mishap*;-1
misinform*;-1
misinformation;-2
misle*;-1
misleading;-3
misog*;-1
misplacement*;-1
misrepresent*;-1
miss;-2
missed;-2
missing;-2
misspeak*;-1
misspend*;-1
misspent*;-1
misspok*;-1
misstat*;-1
misstep*;-1
mist;-1
mistak*;-1
mistake;-2
mistaken;-2
mistakes;-2
mistaught;-1
misteach*;-1
mistook;-1
mistreat*;-1
mistrust*;-1
misty;-1
misunderstand;-2
misunderstand*;-1
misunderstanding;-2
misunderstood;-2
misus*;-1
mitigat*;1
moan*;-1
moaning;-2
mob;-1
mobb*;-1
mobs;-1
mock;-2
mock;-1
mocked;-2
mocked;-1
mocker;-1
mockeries;-1
mockers;-1
mockery;-1
mocking;-2
mocking;-1
mocks;-1
moderate;1
moderated;1
moderately;1
moderates;1
moderating;1
moderation;1
modest*;1
mold;-1
moldi*;-1
molds;-1
moldy;-1
molest*;-1
momentous*;1
monoton*;-1
monster*;-1
monstrous*;-1
moodi*;-1
moody;-1
moody;-1
moral;1
morale;1
moralist;1
morality;1
morally;1
morals;1
mordacity*;-1
moron*;-1
mortal;-1
mortifi*;-1
mortify*;-1
motherf*;-1
motionless*;-1
motivated;2
motivating;2
motivation;1
mourn*;-1
mourned;-2
mournful;-2
mourning;-2
mud;-1
muddi*;-1
muddl*;-1
muddy*;-1
mumbl*;-1
mundan*;-1
murder;-2
murder*;-1
murderer;-2
murdering;-3
murderous;-3
murders;-2
murkines*;-1
murky*;-1
mutter*;-1
muzzle*;-1
myth;-1
nabob*;1
nag*;-1
naiv*;-1
naive;-2
narrow mind*;-1
narrow vision*;-1
nast*;-1
nasty;-3
natural;1
naught*;-1
nausea*;-1
nauseous*;-1
nay*;-1
neat*;1
nebula*;-1
nebulou*;-1
neck and crop*;1
needy*;-1
negate*;-1
negation*;-1
negativ*;-1
negative;-2
negativity;-2
neglect;-2
neglect*;-1
neglected;-2
neglecting;-2
negligen*;-1
nepotis*;-1
nerves;-1
nervou*;-1
nervous*;-1
nestl*;1
nettl*;-1
neurotic*;-1
neuter*;-1
neutral;1
neutrality;1
neutrally;1
nice;3
nice*;1
nifty;2
nightmar*;-1
nimbl*;1
nirvana*;1
no;-1
no man's land;-1
nobility*;1
nobl*;1
noble;2
noisom*;-1
nonaggress*;1
nonbelligeren*;1
nonchalant*;-1
noncomplian*;-1
nondestructiv*;1
nonfeasance;-1
nonfunction;-1
nonjudgmental;1
nonmalignant;1
nonmalleab*;-1
nonmarketab*;-1
nonoperational;-1
nonplus;-1
nonpolluting;1
nonproductive;-1
nonrealistic;-1
nonrenewable;-1
nonsens*;-1
nonsense;-2
nonstarter;-1
nontoxic;1
nonviable;-1
nonviolen*;1
normal;1
normalcy;1
nosedive*;-1
notab*;1
notori*;1
notorious;-2
nourish*;1
novel;2
novice*;-1
nowhere;-1
nuisanc*;-1
null;-1
nullif*;-1
numb;-1
numb;-1
numbing;-1
numbness*;-1
nurtur*;1
obit*;-1
objection*;-1
oblige;1
obliged;1
obliger;1
obliges;1
obliging;1
obliterat*;-1
obliv*;-1
obnoxious;-3
obnoxious*;-1
obscen*;-1
obscene;-2
obscur*;-1
observant;1
obsessed;2
obsolet*;-1
obstacl*;-1
obstacle;-2
obstacles;-2
obstinat*;-1
obstinate;-2
obstruct*;-1
obtain*;1
occupied with*;1
odd;-2
odd;-1
oddball*;-1
oddest*;-1
oddit*;-1
oddly;-1
oddness*;-1
odious*;-1
odium*;-1
of note;1
off balance;-1
off the rails;-1
offend;-2
offend*;-1
offended;-2
offends;-2
offens*;-1
officious*;1
oh well;-1
ok;1
okay;1
ominous;3
ominous*;-1
omission*;-1
omit*;-1
on track;1
one of a kind;1
onerous;-1
onward*;1
open*;1
openly;1
openminded*;1
openness;1
opinionated*;-1
opponent*;-1
opportune;1
opportunism;-1
opportunist*;-1
opportunities;2
opportunities;1
opportunity;2
opportunity;1
oppose*;-1
opposed;-1
opposer;-1
opposes;-1
opposing;-1
opposite;-1
opposition;-1
oppress*;-1
oppressive;-2
opprobrious*;-1
optim*;1
optimism;2
optimistic;2
ordeal*;-1
orderly*;1
organic*;1
orphan*;-1
ostraci*;-1
oust*;-1
out of control;-1
out of pocket;-1
outburst*;-1
outcast*;-1
outcry*;-1
outflank*;1
outgoing*;1
outlaw*;-1
outliv*;1
outrag*;-1
outstand*;1
outstanding;5
outwit*;1
overbearing*;-1
overblown*;-1
overcast*;-1
overcompensat*;-1
overconfiden*;-1
overcrowd*;-1
overflow*;-1
overgrown*;-1
overjoy*;1
overlook*;-1
overlooked;-1
overpowered;-1
overpric;-1
overprotective;-1
overreact*;-1
overrun*;-1
oversight*;-1
oversimplification;-2
oversized;-1
overstatement;-2
overstep*;-1
overstrung;-1
overthrow*;-1
overturn*;-1
overwhelm*;-1
overzealous;-1
owe*;-1
oxymoron;-1
pacifie*;1
pacify*;1
pain;-2
pain;-1
pained;-2
pained*;-1
painf*;-1
paining*;-1
painless*;1
pains;-1
painstaking*;1
palac*;1
palatab*;1
pall;-1
pallid*;-1
paltry*;-1
panache*;1
pandemonium*;-1
pandora's box;-1
panic;-3
panic;-1
panics;-1
panned;-1
paradis*;1
paradise;3
paralysis*;-1
paralyze*;-1
paramount*;1
paranoi*;-1
parasit*;-1
pardon;2
pardon*;1
parochial*;-1
partner*;1
passe;-1
passion;1
passionate;2
passionate*;1
passionless;-1
passions;1
passive;-1
pat;1
patch up;1
patchi*;-1
patchy;-1
pathetic;-2
pathetic*;-1
pathless*;-1
patienc*;1
patiently;1
patriot*;1
patronag*;-1
pay;-1
peace;2
peace*;1
peaceful;2
peacefully;2
peculiar*;-1
peerless*;1
peev*;-1
penalt*;-1
penalty;-2
penchant*;1
pensive;-1
perceptiv*;1
perfect;3
perfect;1
perfecta;1
perfected;1
perfecter;1
perfection*;1
perfectly;3
perfecto;1
perfects;2
perfects;1
peril;-2
peril*;-1
perish*;-1
perk up*;1
permission*;1
permissiv*;1
perpetrator;-2
perplex*;-1
perplexed;-2
persecut*;-1
persecuted;-2
persever*;1
persuasiv*;1
pertinent*;1
perturb*;-1
perver*;-1
pessimis*;-1
pessimism;-2
pessimistic;-2
pest;-1
pester*;-1
pestering*;-1
pesti*;-1
pests;-1
petty*;-1
phobi*;-1
phobic*;-1
phony*;-1
picturesqu*;1
pillory*;-1
pinch*;-1
pious*;1
piqu*;-1
pique;-2
piqued;-2
piss;-4
piss*;-1
pissed;-4
piteous*;-1
piti*;-1
pity;-2
pity*;-1
placid*;1
plagu*;-1
plaint;-1
plaintive*;-1
plaints;-1
plaudit*;1
plausi*;1
play down;-1
play games;-1
play god;-1
play it cool;1
play politics;-1
playful;2
playful*;1
pleasant;3
pleasant*;1
pleasantry*;1
please;1
pleased;3
pleased*;1
pleasing*;1
pleasur*;1
pleasurab*;1
pleasure;3
pledg*;1
plentiful*;1
poetic*;1
poetry*;1
poignant*;1
pointless*;-1
poise*;1
poison*;-1
poisoned;-2
polariz*;-1
polish*;1
polite*;1
pollut*;-1
pollutes;-2
pomp;1
pompos*;-1
pompous*;-1
poor;-2
poor;-1
poorer;-2
poorly*;-1
popular;3
portable*;1
positiv*;1
positive;2
positivity;1
possessive;-2
potent;1
potently;1
pounded;-1
pounding*;-1
pout*;-1
poverty;-1
poverty*;-1
powerful;2
powerful*;1
powerless;-2
powerless*;-1
practicab*;1
practical*;1
prais*;1
praise;3
praised;3
praises;3
praising;3
pray;1
precarious*;-1
precaution*;1
precious*;1
precis*;1
predatory*;-1
preeminent*;1
preferenc*;1
prejudic*;-1
premonition*;-1
preparatory*;1
prepared;1
preposterous*;-1
presag*;-1
presentiment*;-1
pressure;-1
pressured;-2
prestig*;1
presumptuous*;-1
presuppos*;-1
pretend;-1
pretending;-1
pretends;-1
pretens*;-1
pretentious*;-1
pretext;-1
pretti*;1
pretty;1
prevent;-1
prevents;-1
prey*;-1
priceless*;1
prick*;-1
prid*;1
princely*;1
principal;1
principl*;1
prison;-2
prison;-1
prisoner;-2
prisoner*;-1
prisoners;-2
privileg*;1
prize*;1
proactive;2
proactive*;1
problem;-2
problem;-1
problem free;1
problem solv*;1
problematic*;-1
problems;-2
problems;-1
procrastinat*;-1
productive;1
productively;1
professionalism;1
proficien*;1
progress;2
progress;1
progressive;1
prohibit*;-1
prolific*;1
prominen*;1
prominent;2
promise;1
promised;1
prompt;1
promptly;1
promptness;1
propaganda;-2
proper;1
properly;1
properness;1
propitious*;1
prospect;1
prospects;1
prosper*;1
protect;1
protect*;1
protected;1
protest;-2
protest*;-1
protests;-2
proud;2
proud*;1
provide;1
providence;1
providing;1
provocation*;-1
provok*;-1
provoke;-1
provokes;-1
provoking;-1
prowess*;1
prowl*;-1
pruden*;1
psychotic;-1
punch;-1
punched;-1
puncher;-1
punches;-1
punching;-1
punctual*;1
punish*;-1
punished;-2
punishes;-2
punitive;-1
puny*;-1
pureness;1
purer;1
purest;1
purif*;1
purity*;1
purposeful;1
purposeless*;-1
put off*;-1
putrid*;-1
puzzled;-2
puzzled;-1
puzzlement;-1
puzzling;-1
quack*;-1
quaint*;1
quality*;1
qualm*;-1
quandary*;-1
quarrel*;-1
queas*;-1
queer*;-1
questionab*;-1
questionable;-2
questioned;-1
questioning;-1
quibbl*;-1
quicksand;-1
quietly*;1
quoits*;1
racis*;-1
racist;-3
radian*;1
radiate;1
radiated;1
radiates;1
radiating;1
rage;-2
rage*;-1
rageful;-2
ragg*;-1
raging*;-1
raid;-1
raided;-1
raiding;-1
raids;-1
rainy;-1
rambl*;-1
rampag*;-1
rampant;-1
rancid*;-1
rancor*;-1
rancour*;-1
random;-1
randomly;-1
randomness;-1
rant;-3
rants;-3
rape;-4
rape*;-1
rapin*;-1
rapist*;-1
raptur*;1
rascal*;-1
rash;-2
rash*;-1
rat;-1
rational;1
rationally;1
rats;-1
ratti*;-1
rattl*;-1
ratty;-1
ravag*;-1
reach;1
reached;1
reaches;1
reaching;1
reactionary*;-1
readiness*;1
ready*;1
reaffirm*;1
reanimat*;1
reasonab*;1
reassur*;1
rebel*;-1
rebuff*;-1
rebuk*;-1
rebut*;-1
recalcitrant*;-1
reced*;-1
receptiv*;1
reckless;-2
reckless*;-1
reclaim*;1
recoil*;-1
recommend;2
recommended;2
reconcil*;1
recover*;1
recreation*;1
recreativ*;1
rectif*;1
rectitude;1
red hot;1
redeem*;1
redundan*;-1
reek*;-1
reestablish*;1
refreshing*;1
refus*;-1
refuse;-2
refused;-2
refusing;-2
regardful*;1
regress*;-1
regret;-2
regret*;-1
regretted;-2
regularity*;1
reinforc*;1
reinstat*;1
reject*;-1
rejected;-1
rejects;-1
rejoic*;1
relaps*;-1
relating to belief*;1
relax*;1
relaxed;2
relentless;-1
relevancy*;1
relevant*;1
reliab*;1
reliant*;1
relief*;1
reliev*;1
relieve;1
relieved;2
relish*;1
reluctan*;-1
remarkab*;1
remarkable;2
remedy*;1
remodel*;1
remorse;-1
remorseful*;-1
remorseless;-1
renege*;-1
renounc*;-1
renovat*;1
renown*;1
renunciation*;-1
repair;1
repaired;1
repairing;1
repairs;1
reparation*;1
reparte*;1
repeal*;-1
repel*;-1
repent*;-1
reprehensib*;-1
repress*;-1
repriev*;1
reproach*;-1
repudiat*;-1
repugnan*;-1
repuls*;-1
repulsed;-2
reputab*;1
rescu*;1
rescue;2
rescued;2
rescues;2
resent*;-1
resign*;-1
resolut*;1
resolute;2
resolv*;1
resolve;2
resolved;2
resolving;2
resourceful*;1
resources*;1
respect;1
respectab*;1
respected;2
respected;1
respectful*;1
respects;1
resplendent*;1
responsib*;1
responsible;2
responsiv*;1
restful*;1
restiv*;-1
restless;-2
restless*;-1
restor*;1
restored;1
restrict*;-1
restricted;-2
restricts;-2
retaliat*;-1
retard;-1
retreat*;-1
retribut*;-1
revel;1
reveling;1
revell*;1
revels;1
reveng*;-1
revenge;-2
revere*;1
revert*;-1
revitaliz*;1
reviv*;1
revive;2
revok*;-1
revolt*;-1
revolutionary;1
revolutioniz*;1
revulsion*;-1
reward;2
reward*;1
rewarded;2
rewarding;2
rewards;2
rich;2
rich*;1
ridicul*;-1
ridiculous;-3
rig;-1
rigged;-1
right;1
righted;1
righteous*;1
rightful*;1
righting;1
rightly;1
rights;1
rigid*;-1
rigor*;-1
rigorous;3
rigorously;3
rigour*;-1
rile*;-1
riots;-2
rip;-1
ripe;1
ripen*;1
ripest;1
ripp*;-1
rips;-1
risk;-2
risk*;-1
risks;-2
rivalry*;-1
rob;-2
rob;-1
robb*;-1
robs;-2
robs;-1
robust;2
robust*;1
rock bottom*;-1
rogu*;-1
rollick*;1
romanc*;1
romance;2
romantic*;1
rosy*;1
rot;-1
rots;-1
rotted;-1
rotten*;-1
rotting;-1
rough;-1
roughed;-1
rougher;-1
roughest;-1
roughing;-1
roughness;-1
roughshod;-1
rudderless*;-1
rude*;-1
rue*;-1
ruffian*;-1
ruffl*;-1
ruin;-2
ruin*;-1
ruined;-2
ruining;-2
ruins;-2
rumpl*;-1
rumpus*;-1
ruptur*;-1
rusty*;-1
ruthless*;-1
sabotag*;-1
sacred*;1
sad;-2
sad;-1
sadde*;-1
saddened;-2
sadly;-2
sadly*;-1
sadnes*;-1
safe;1
safe;1
safeguard*;1
safekeeping;1
safely;1
safely;1
safeness;1
safer;1
safest;1
safety;1
safety*;1
sag;-1
sagacity*;1
sage;1
sagely;1
sageness;1
sages;1
sagest;1
sagg*;-1
saint*;1
salut*;1
salvage;1
salvaged;1
salvages;1
salvation*;1
sanctify*;1
sane*;1
sanguin*;1
sanitary*;1
sanity*;1
sap;-1
sapid*;1
sapped;-1
sapper;-1
sappi*;-1
sappy;-1
saps;-1
sarcas*;-1
sarcastic;-2
satisf*;1
satisfied;2
saucy*;-1
savag*;-1
save;2
saved;2
savvy*;1
scandal*;-1
scant;-1
scapegoat*;-1
scar;-1
scarc*;-1
scare;-1
scared;-2
scared;-1
scares;-1
scarey;-1
scari*;-1
scaring;-1
scarred;-1
scarring;-1
scars;-1
scary;-2
scary*;-1
scath*;-1
schoolfellow*;1
schoolman*;1
scof*;-1
scold*;-1
scorn*;-1
scoundrel*;-1
scourg*;-1
scowl*;-1
scrap;-1
scrape;-1
scraped;-1
scrapes;-1
scraping*;-1
scrapp*;-1
scraps;-1
scream;-2
scream*;-1
screaming;-2
screams;-2
screw;-1
screwed;-2
screwed;-1
screwi*;-1
screws;-1
screwy;-1
scrumptious*;1
scrupl*;-1
scrupulous*;1
scuffl*;-1
scum;-1
scumm*;-1
scums;-1
seced*;-1
secession*;-1
secure;2
secure;1
secured;2
secured;1
secures;1
securing;1
sedentary*;-1
seditious*;-1
seducing*;1
seductiv*;1
sedulous*;1
seedy*;-1
seethe*;-1
segregat*;-1
seiz*;-1
seize the day;1
self centred;-1
self conscious*;-1
self control;1
self importan*;-1
self indulgent;-1
self interest*;-1
self motivated;1
self righteous*;-1
self serving;-1
selfish;-3
selfish;-1
selfishless*;1
selfishly*;-1
selfishness;-3
selfishness*;-1
selfless*;1
sensation;1
sensational;1
sensations;1
sense;1
senseless*;-1
senses;1
sensitiv*;1
sensual*;1
sensuous*;1
sentence;-2
sentenced;-2
sentences;-2
sequester*;-1
serene;2
serene*;1
serenity*;1
seriocomic*;-1
serpent*;-1
servitud*;-1
set back;-1
set clear*;1
sever;-1
severe;-2
severe*;-1
severi*;-1
severs;-1
sexier;1
sexiest;1
sexiness;1
sexism;-1
sexist;-1
sexy;3
sexy;1
shabby*;-1
shadi*;-1
shadow;-1
shadowed;-1
shadowi*;-1
shadows;-1
shadowy*;-1
shady*;-1
shake*;-1
shaki*;-1
shaky;-2
shaky*;-1
shallow*;-1
sham;-1
shame;-2
shame;-1
shamed*;-1
shamefaced*;-1
shameful*;-1
shameless*;-1
shames*;-1
shaming;-1
shammed;-1
shammer;-1
shamming;-1
shams;-1
share;1
shared;1
shares;1
shatter;-1
shattered;-2
shattered;-1
shattering;-1
shatterproof;-1
shatters;-1
sheepish*;-1
shell;-1
sheltered;1
sheltering;1
shelters;1
shield*;1
shiny*;1
shipwreck*;-1
shirk*;-1
shit;-4
shit*;-1
shitty;-3
shiver*;-1
shock;-2
shock;-1
shocked;-2
shocked;-1
shocker;-1
shocking;-2
shocking;-1
shockproof;-1
shocks;-2
shocks;-1
shoddy*;-1
shoot;-1
shortage;-2
shortage*;-1
shortchang*;-1
shortcoming*;-1
shortfall;-1
shorthand*;-1
shortsighted*;-1
shove;-1
shoved;-1
shover;-1
shoves;-1
shoving;-1
shrew;-1
shrewd*;1
shrewish;-1
shriek*;-1
shrivel*;-1
shudder*;-1
shun*;-1
shy;-1
shy;-1
shyer;-1
shyest;-1
shying;-1
shyly;-1
shyness;-1
sick;-2
sick;-1
sicke*;-1
sicki*;-1
sickl*;-1
sickness*;-1
sigh;-2
sigh;-1
sighed;-1
sighing;-1
sighs;-1
significanc*;1
significance;1
significant;1
significant;1
silly;-1
simplify*;1
simplistic*;-1
sin;-1
sincer*;1
sincere;2
sincerity;2
sinful*;-1
sing;1
singing;1
sings;1
sinister*;-1
sink*;-1
sinless;1
sinned;-1
sinner*;-1
sinning;-1
sins;-1
sizzl*;-1
skeptic*;-1
skepticism;-2
sketchy*;-1
skill;1
skilled;1
skillful*;1
skirmish*;-1
skulk*;-1
sky is the limit;1
slack*;-1
slain*;-1
slake on*;-1
slam;-2
slam*;-1
slander*;-1
slap;-1
slapped;-1
slapping;-1
slaps;-1
slash;-2
slashing;-2
slaughter*;-1
slavery;-3
slavery;-1
slay*;-1
sleaz*;-1
sleek*;1
slick;2
slighted;-1
slighter;-1
slighting;-1
slights;-1
slime*;-1
slimy*;-1
slip up;-1
slippery*;-1
slither*;-1
slob;-1
slop;-1
slopp*;-1
sloth*;-1
slug*;-1
slump*;-1
slur;-1
slurred;-1
slurring;-1
slurs;-1
slut*;-1
sly*;-1
smack*;-1
smart;1
smart*;1
smarter;2
smartest;2
smash;-1
smash hit;1
smashed;-1
smasher*;-1
smashes;-1
smashing*;-1
smashup*;-1
smear;-2
smear*;-1
smile;2
smile*;1
smiled;2
smiles;2
smiling;2
smiling*;1
smitten*;1
smog;-2
smokescreen*;-1
smooth;1
smoothe*;1
smoothing;1
smoothly;1
smoothness;1
smooths;1
smother*;-1
smug*;-1
snarl*;-1
sneak;-1
sneaking;-1
sneaks;-1
sneaky;-1
sneaky;-1
sneer*;-1
snigger*;-1
snob*;-1
snore*;-1
snug*;1
so kind;1
sob;-1
sobb*;-1
sober*;1
sobering;1
sobriety*;1
sobs;-1
sociab*;1
softhearted*;1
softness*;1
solac*;1
solemn;-1
solemn*;1
solicitud*;-1
solid;2
solidarity;2
solution;1
solutions;1
solve;1
solved;1
solving;1
somber;-2
somber*;-1
sombr*;-1
soothe*;1
soothing;3
soothing*;1
sop;-1
sophisticat*;1
sophisticated;2
soporific*;-1
sopp*;-1
sops;-1
sore;-1
sore*;-1
sorrow;-2
sorrow*;-1
sorrowful;-2
sorry;-1
sorry*;-1
soulless*;-1
soulmate*;1
sound;1
soundest;1
soundly;1
soundness;1
sour;-1
soured;-1
sourer;-1
sourest;-1
souring;-1
sourly;-1
sourness;-1
sourpuss;-1
sours;-1
spank*;-1
spark;1
sparkl*;1
sparkling;3
spear;-1
speared;-1
spearing;-1
spears;-1
special;1
specialist*;1
spectacular*;1
speculative;-2
spill*;-1
spiral*;-1
spirit;1
spirit;1
spirited;2
spirited*;1
spiriting;1
spiritless;-1
spirits;1
spiritual*;1
spit;-1
spite*;-1
spiting;-1
spits;-1
spitting;-1
spleen*;-1
splend*;1
splendid;3
splendor*;1
splendour*;1
spoil*;-1
spotless*;1
spotti*;-1
spotty*;-1
sprain*;-1
sprightly*;1
spurn*;-1
sputter*;-1
squander*;-1
stab;-2
stab;-1
stabbed;-2
stabbed*;-1
stabber*;-1
stabbing*;-1
stabili*;1
stable;2
stable;1
stableness;1
stabs*;-1
stagnant*;-1
stale*;-1
stamina*;1
stammer*;-1
standstill*;-1
startl*;-1
startled;-2
starv*;-1
starve;-2
starved;-2
starving;-2
stately*;1
static*;-1
staunch*;1
steadfast*;1
steadiness*;1
steady*;1
steal;-2
steal;-1
stealing;-1
steals;-2
steals;-1
stench*;-1
stereotype;-2
stern;-1
sternest;-1
sternly;-1
stew;-1
stewed;-1
stewing;-1
stews;-1
stick by;1
stick it out;1
stick to it;1
stick up for;1
stick with;1
sticki*;-1
sticky;-1
stiff*;-1
stifl*;-1
stifled;-1
stigma*;-1
stimulat*;1
stimulating;2
sting*;-1
stink*;-1
stole*;-1
stolen;-2
stolid*;-1
stop;-1
stopped;-1
stops;-1
storm*;-1
straight;1
straight and narrow;1
straight shooter*;1
straighten*;1
straightening;1
straightest;1
straightforward;1
strain;-1
strained;-1
straining;-1
strains;-1
strang*;-1
strange;-1
strangely;-1
strangl*;-1
strangled;-2
strength;2
strength*;1
strengthen;2
stress free;1
stress*;-1
stressed;-2
stressor;-2
stricken;-2
stricken*;-1
strict*;-1
strif;-1
strife;-1
strifeless*;1
strike;-1
strike a balance;1
strikeout*;-1
strikes;-1
strong;2
strong;1
stronger;2
stronger;1
strongest;2
strongest;1
stronghold*;1
strongman;1
struck;-1
struck a balance;1
struck*;-1
struggl*;-1
struggle;-2
struggled;-2
struggles;-2
struggling;-2
strut*;-1
stubborn;-2
stubborn*;-1
stuck;-2
studious*;1
stuffy*;-1
stumb*;-1
stun;-1
stung;-1
stunk;-1
stunned;-2
stunned*;-1
stunning;4
stuns;-1
stunted;-1
stupef*;-1
stupendous*;1
stupid;-2
stupid*;-1
stupidly;-2
stupor*;-1
sturdy*;1
stylish*;1
suav*;1
subjection*;-1
subjugat*;-1
sublime*;1
submissiv*;-1
subservien*;-1
subside;1
subsides;1
subsist*;1
substantial;1
substantiat*;1
subver*;-1
subversive;-2
succeed*;1
success;2
success;1
successes;1
successful;3
successful*;1
succumb*;-1
suck;-3
suck;-1
sucked;-1
sucker;-1
sucking;-1
suckl*;1
sucks;-3
sucks;-1
suffer;-2
suffer*;-1
sufferer*;-1
suffering;-2
suffers;-2
suffic*;1
suffocat*;-1
suggestiv*;1
suicide;-2
suitability;1
suitable*;1
suitably;1
sulk*;-1
sulky*;-1
sullen*;-1
sumptuous*;1
sunny*;1
super;3
super;1
superable;1
superably;1
superb;5
superb;1
superboy;1
supercool;1
supereminen*;1
superficial*;-1
superfluous*;-1
supergirl;1
supergroup;1
superhuman;1
superior;2
superior;1
superiority;1
superiority complex;-1
superlativ*;1
superman;1
supermen;1
superstar*;1
superwoman;1
superwomen;1
support;2
support*;1
supported;2
supporting;1
supportive;2
supports;2
suppress*;-1
surmount*;1
surrender*;-1
surviv*;1
survived;2
surviving;2
survivor*;1
susceptib*;-1
suspect;-1
suspect*;-1
suspected;-1
suspects;-1
suspended;-1
suspens*;-1
suspicio*;-1
suspicious;-2
sustain*;1
swear;-2
swear by;1
swear*;-1
swearing;-2
sweet;2
sweet;1
sweeten*;1
sweeter;1
sweetest;1
sweetheart*;1
sweetie;1
sweetly;1
sweetness;1
sweets;1
swindles;-3
symboli*;1
sympathetic;2
sympathetic*;1
sympathi*;1
sympathy;2
sympathy*;1
symphon*;1
taboo*;-1
tacky*;-1
tact;1
tactful*;1
tactless*;-1
taint;-1
tainted;-1
tainting;-1
taintless;1
taints;-1
talent*;1
tamper*;-1
tantali*;-1
tantrum*;-1
tardy*;-1
tasteful;1
tasteless;-1
tatter*;-1
taunt*;-1
taxing;-1
tear;-1
teardrop*;-1
tearful*;-1
tearing;-1
tears;-2
tears;-1
teary;-1
tease;-1
teased;-1
teases;-1
teasing;-1
teasingly;1
tedious*;-1
temper;-1
temperamental*;-1
temperance;1
temperate;1
temperately;1
temperateness;1
tempered;-1
tempering*;1
tempers;-1
tempest*;-1
temptation;-1
tenacious*;1
tender;2
tender;1
tenderhearted*;1
tenderly;1
tenderness;1
tense;-2
tense*;-1
tension;-1
tension*;-1
terribl*;-1
terrible;-3
terribly;-3
terrific;4
terrific*;1
terrifie*;-1
terrified;-3
terrify*;-1
terror;-3
terror*;-1
thank;2
thank;1
thanked;1
thanker;1
thankf*;1
thankful;2
thanking;1
thanks;2
thanks;1
thankworthy;1
thaw*;1
theft*;-1
therapeutic*;1
thief*;-1
thieve*;-1
thin ice;-1
thorn*;-1
thorny;-2
thorough;1
thoughtful;2
thoughtful*;1
thoughtless*;-1
thrash*;-1
threat;-2
threat*;-1
threatened;-2
threatening;-2
threatens;-2
threats;-2
thrift;1
thrifti*;1
thriftless*;1
thrifts;-1
thrifty;1
thrill*;1
thriv*;1
thwart*;-1
thwarted;-2
tickl*;1
tidy*;1
timid;-2
timid*;-1
timorous*;-1
tingl*;1
tirade*;-1
tired;-2
tired*;-1
tireless*;1
tiresome*;-1
titillat*;1
toil*;-1
tolera*;1
too;-1
top;2
top notch*;1
top rated;1
topmost*;1
toppl*;-1
tops;2
torment*;-1
torn;-2
torn*;-1
torrent*;-1
tortur*;-1
torture;-4
tortured;-4
torturing;-4
totalitarian;-2
totalitarianism;-2
touchy*;-1
tough*;-1
toxic*;-1
traged*;-1
tragedy;-2
tragic;-2
tragic;-1
tragically;-1
trained;1
traitor*;-1
tramp;-1
tramped;-1
tramper*;-1
tramping;-1
trampl*;-1
tramps;-1
tranquil;2
tranquil;1
tranquilit*;1
tranquillit*;1
tranquilly;1
tranquilness;1
transgress*;-1
trap;-1
trap;-1
trapped;-2
trapped;-1
traps;-1
trashed;-1
trashing;-1
trashy;-1
trauma;-3
trauma*;-1
traumatic;-3
treacherou*;-1
treachery*;-1
treason*;-1
treasure;2
treasure;1
treasured;1
treasures;1
treasuring;1
trembl*;-1
tremendous*;1
tremor*;-1
tremulou*;-1
trepid*;-1
trespass*;-1
tribute*;1
tributes;1
trick;-1
tricked;-1
tricker;-1
trickery;-2
tricki*;-1
tricks;-1
trifl*;-1
trite*;-1
triump*;1
triumph;4
trivi*;-1
trophy*;1
troubl*;-1
trouble;-2
trouble*;-1
troubled;-2
troubles;-2
truan*;-1
true;2
true*;1
trust;1
trust;1
trustable;1
trusted;2
trusted;1
trustful*;1
trusti*;1
trustless*;-1
trusts;1
trustworth*;1
trusty;1
truth*;1
tumbl*;-1
tumor*;-1
tumult*;-1
tunnel vision*;-1
turbulen*;-1
turmoil*;-1
turn off*;-1
twilight*;-1
twitch*;-1
tyran*;-1
ugh*;-1
ugl*;-1
ugly;-3
umbrag*;-1
unable*;-1
unacceptab*;-1
unaccount*;-1
unaccustomed*;-1
unaffected*;1
unapolog*;-1
unassertiv*;-1
unattractiv*;-1
unauthentic*;-1
unaware;-2
unaware*;-1
unbalanced;-1
unbearab*;-1
unbelievab*;-1
unbelievable;-1
unbiased;2
unbound*;1
unbroken*;1
unburden*;1
uncaring*;-1
uncertain;-1
uncertain*;-1
uncheerful*;-1
uncivil*;-1
unclean*;-1
unclear;-1
unclear*;-1
uncomfortab*;-1
uncomfortable;-2
unconcerned;-2
unconcerned*;-1
unconscious*;-1
uncontrol*;-1
unconvinced;-1
uncouth*;-1
uncover*;1
unculpab*;1
undaunt*;1
undecided;-1
undecked*;1
undefined*;-1
undependab*;-1
under control;1
underbelly;-1
underestimate;-1
undermin*;-1
undermine;-2
undermined;-2
undermines;-2
underpaid;-1
understand*;1
undeserving;-2
undesirab*;-1
undetermined*;-1
undignified*;-1
undiminished*;-1
undisput*;1
undo;-1
undoable;-1
undoes;-1
undoing;-1
undone*;-1
undoubted*;1
undue*;-1
uneas*;-1
uneasy;-2
uneconomical*;-1
unemployable*;-1
unenviab*;-1
unequal*;-1
unethical;-2
unethical*;-1
uneven*;-1
unfailing;1
unfair;-2
unfair*;-1
unfaithful*;-1
unfamiliar*;-1
unfavorab*;-1
unfavourab*;-1
unfeeling*;-1
unfinished*;-1
unfit*;-1
unfocused;-2
unforbidden*;1
unforeseen*;-1
unforgettab*;1
unfortunat*;-1
unfounded;-1
unfriend*;-1
ungrateful*;-1
unguarded*;-1
unhapp*;-1
unhappy;-2
unhealthy;-2
unhealthy*;-1
unified;1
unimagin*;-1
unimpeach*;1
unimportant*;-1
unimpress*;-1
unimpressed;-2
uninformed*;-1
uninspir*;-1
uninterest*;-1
uninvited*;-1
uniqu*;1
unite*;1
united;1
united*;1
uniting;1
unity*;1
unjust;-2
unjust*;-1
unkind*;-1
unknown*;-1
unlawful*;-1
unleash*;-1
unlika;-1
unlikelihood;-1
unlikely;-1
unlov*;-1
unluck*;-1
unmaimed*;1
unmatched;1
unmolested*;1
unmotivat*;-1
unmoved*;-1
unnatural*;-1
unnecessary*;-1
unnerv*;-1
unnoticed*;-1
unobserved*;-1
unpleasant*;-1
unpopular*;-1
unprecedented*;-1
unpredictab*;-1
unprepared*;-1
unproductive*;-1
unprofessional;-2
unprofitab*;-1
unprotected*;-1
unproven;-1
unqualified*;-1
unread*;-1
unreal*;-1
unreasonabl*;-1
unreliab*;-1
unremarkab*;-1
unrest;-1
unrestful*;-1
unresting;-1
unrestored;-1
unrestrained;-1
unripe*;-1
unru*;-1
unsaf*;-1
unsatisfactory;-1
unsatisfied;-2
unsavo*;-1
unscrupulous*;-1
unseen*;-1
unselfish*;1
unsettl*;-1
unsettled;-1
unsightly*;-1
unsophisticated;-2
unsound*;-1
unspeakable*;-1
unspectacular*;-1
unstab*;-1
unstable;-2
unstead*;-1
unstoppable;2
unsuccessful*;-1
unsur*;-1
unsure;-1
unthanked*;-1
untimely*;-1
untiring*;1
untold*;-1
untrained*;-1
untroubled*;1
untrue*;-1
untrust*;-1
untruth*;-1
unusab*;-1
unusual*;-1
unwanted;-1
unwarranted*;-1
unwaver*;1
unwelcom*;-1
unwilling*;-1
unwise*;-1
unworr*;1
unworth*;-1
upgrade*;1
uphill;-1
uphold*;1
uplift*;1
upright*;1
uprising*;-1
uproar*;-1
upset;-2
upset*;-1
upsetting;-2
upside;1
uptight*;-1
urgent;-1
useful;2
useful*;1
useless;-2
useless*;-1
uselessness;-2
usurp*;-1
utilitarian*;1
vagabond*;-1
vagrant*;-1
vague;-2
vague*;-1
vain*;-1
valiant*;1
valid*;1
valor*;1
valour*;1
valuab*;1
vanish*;-1
vanity*;-1
vanquish*;1
vapor*;-1
vapour*;-1
veil*;-1
venerab*;1
venerat*;1
vengeanc*;-1
vengeful*;-1
venom*;-1
veritab*;1
versatil*;1
vex*;-1
viability*;1
viabl*;1
vibran*;1
vibrant;3
vice;-1
vices;-1
vicious;-2
vicious*;-1
victim;-3
victim*;-1
victimizing;-3
victims;-3
victor*;1
victory*;1
vigilan*;1
vigor*;1
vigour*;1
vile;-3
vile*;-1
villain*;-1
vindictiv*;-1
violat*;-1
violated;-2
violates;-2
violenc*;-1
violence;-3
violent;-3
violent*;-1
viper*;-1
viral;-1
virtue*;1
virtuo*;1
virulent;-1
vision;1
vision;1
visionar*;1
visionary;3
visions;1
vital*;1
vivaciou*;1
vivacity*;1
vivid*;1
void*;-1
volatil*;-1
voluntary*;1
vouchsaf*;1
vulgar*;-1
vulnerab*;-1
vulnerability;-2
vulnerable;-2
vulture*;-1
wail*;-1
wait;-1
walk on air*;1
walkouts;-2
wallow*;-1
wanker*;-1
want;1
wanton*;-1
war;-2
war;-1
warble*;-1
warbling;-1
warfare;-2
warfare*;-1
warier;-1
wariest;-1
warily;-1
wariness;-1
warlik*;-1
warm;1
warm;1
warmed;1
warmer;1
warmest;1
warmhearted*;1
warming;1
warmly;1
warmness;1
warmonger;-1
warms;-1
warmth;2
warmth;1
warn;-2
warn*;-1
warned;-2
warning;-3
warnings;-3
warp;-1
warpath*;-1
warped;-1
warper;-1
warping;-1
warrantless*;-1
warred;-1
warring*;-1
wars*;-1
wart;-1
warti*;-1
wary*;-1
waste;-1
waste*;-1
wasted;-2
wasting;-2
wayward*;-1
weak;-2
weak*;-1
weakness;-2
wealth;3
wealth*;1
wealthy;2
weariness*;-1
wearisom*;-1
weary;-2
weary*;-1
wedlock*;1
weed;-1
weedi*;-1
weeds;-1
weedy;-1
weep;-2
weep*;-1
weeping;-2
weird;-2
weird*;-1
welcom*;1
welcome;2
well;1
wellness;1
wench*;-1
wept*;-1
whack;-1
whimp*;-1
whimsical;1
whin*;-1
whip;-1
whiplash*;-1
whipped;-1
whipper;-1
whipping;-1
whips;-1
wholesom*;1
whore*;-1
wicked*;-1
wild;-1
willingly*;1
willingness;2
willingness*;1
wily*;-1
wimp*;-1
win;4
win;1
winc*;-1
windfall;1
wining;-1
winn*;1
winner;4
winning;4
wins;4
wins;1
wipe out;-1
wisdom*;1
wise;1
wised;1
wisely;1
wiser;1
wises;1
wisest;1
wish;1
wishes;1
wishing;1
wishy washy*;-1
wit;1
witch*;-1
wither*;-1
withheld;-1
withhold*;-1
without a hitch;1
witti*;1
witty*;1
woe*;-1
won;3
won;1
wonderf*;1
wonderful;4
wondrous*;1
woo;1
wooed*;1
wooer;1
wooing*;1
woos;1
woozier;-1
wooziest;-1
wooziness;-1
woozy;-1
workable*;1
workmanship*;1
worn;-1
worn*;-1
worr*;-1
worried;-3
worry;-3
worry*;-1
worrying;-3
worse;-3
worse*;-1
worsens;-3
worship*;1
worst;-3
worst*;-1
worth;2
worth;1
worth while*;1
worthi*;1
worthless*;-1
worthwhile*;1
worthy;2
worthy*;1
wound;-1
wounded;-1
wounds;-1
wow;4
wrath*;-1
wreck;-2
wreck*;-1
wrestl*;-1
wretch*;-1
writhe*;-1
wrong;-2
wrong*;-1
wtf;-4
xenophob*;-1
yawn*;-1
yeah;1
yearn*;-1
yearning;1
yes;1
young at heart;1
youthful;2
yuck*;-1
zeal;1
zealot*;-1
zealous;2
zealous*;1
zest*;1